0,0,0,0
0.02,-24.766,-0.027125,0.020065
0.04,-25.014,-0.017085,0.0178
0.06,-24.888,-0.024168,0.03093
0.08,-25.032,-0.024245,0.01446
0.1,-24.864,-0.030945,-0.00062881
0.12,-25.21,-0.033037,0.024941
0.14,-24.638,-0.035571,0.016763
0.16,-25.056,-0.038892,0.016245
0.18,-25.07,-0.027585,0.014652
0.2,-24.997,-0.023785,0.012118
0.22,-24.619,-0.031694,0.019412
0.24,-24.831,-0.032365,0.0084512
0.26,-25.002,-0.032404,0.021678
0.28,-25.025,-0.034707,0.011177
0.3,-24.698,-0.023612,0.01229
0.32,-25.311,-0.0301,0.016111
0.34,-25.025,-0.02269,0.0031721
0.36,-24.802,-0.030311,0.020238
0.38,-24.645,-0.033421,0.031737
0.4,-24.798,-0.0097327,0.020065
0.42,-24.798,-0.032327,0.020372
0.44,-24.828,-0.030542,0.026131
0.46,-24.916,-0.02843,0.016917
0.48,-24.949,-0.041945,0.028281
0.5,-25.042,-0.025935,0.018606
0.52,-24.758,-0.03225,0.015516
0.54,-25.044,-0.043423,0.015784
0.56,-25.405,-0.033248,0.013327
0.58,-24.786,-0.029332,0.030412
0.6,-24.653,-0.038969,0.017474
0.62,-24.808,-0.02532,0.013865
0.64,-25.228,-0.033517,0.018741
0.66,-24.358,-0.03177,0.024269
0.68,-24.792,-0.043403,0.016974
0.7,-24.938,-0.021884,0.028204
0.72,-24.672,-0.029294,0.023521
0.74,-24.39,-0.039814,0.023521
0.76,-24.775,-0.040889,0.0031337
0.78,-24.796,-0.012689,0.025479
0.8,-24.838,-0.04373,0.021754
0.82,-25.037,-0.026031,0.015343
0.84,-25.201,-0.041407,0.013097
0.86,-24.932,-0.018256,0.012233
0.88,-24.934,-0.027125,0.014095
0.9,-24.695,-0.028526,0.029817
0.92,-24.763,-0.021673,0.017416
0.94,-24.775,-0.032193,0.022234
0.96,-24.685,-0.028718,0.022004
0.98,-24.926,-0.02246,0.011868
1,-24.84,-0.011422,0.023828
1.02,-24.876,-0.030043,0.022426
1.04,-24.686,-0.029716,0.013615
1.06,-25.081,-0.025167,0.016437
1.08,-24.895,-0.023727,0.0042663
1.1,-24.86,-0.025723,0.020833
1.12,-25.063,-0.043499,0.012214
1.14,-24.944,-0.032826,0.014479
1.16,-24.828,-0.016759,0.022714
1.18,-24.979,-0.029927,0.011465
1.2,-25.132,-0.052944,0.012041
1.22,-24.799,-0.029044,0.02233
1.24,-24.714,-0.025109,0.025114
1.26,-25.044,-0.020156,0.0079137
1.28,-24.909,-0.02795,0.039031
1.3,-24.703,-0.01578,0.016571
1.32,-24.905,-0.02653,0.017992
1.34,-25.102,-0.020348,0.0097757
1.36,-24.79,-0.020502,0.013999
1.38,-24.833,-0.026146,0.017378
1.4,-25.011,-0.04014,0.016725
1.42,-25.042,-0.030523,0.013001
1.44,-24.508,-0.028085,0.023213
1.46,-24.888,-0.035648,0.0097757
1.48,-24.681,-0.045841,0.020526
1.5,-24.954,-0.030715,0.009411
1.52,-24.724,-0.03824,0.017781
1.54,-24.678,-0.035821,0.022311
1.56,-24.659,-0.016471,0.016706
1.58,-24.85,-0.029236,0.012271
1.6,-25.047,-0.028852,0.017301
1.62,-25.149,-0.032001,0.014441
1.64,-24.904,-0.041503,0.010332
1.66,-24.856,-0.03202,0.028761
1.68,-25.002,-0.024476,0.015861
1.7,-24.455,-0.02843,0.032908
1.72,-24.965,-0.03177,0.018011
1.74,-24.732,-0.028565,0.019489
1.76,-25.348,-0.0059125,0.017224
1.78,-25.037,-0.023746,0.017454
1.8,-24.686,-0.011806,0.022234
1.82,-24.668,-0.039065,0.023309
1.84,-24.866,-0.021097,0.01684
1.86,-25.002,-0.031118,0.023156
1.88,-24.606,-0.038393,0.020027
1.9,-25.295,-0.030407,0.020372
1.92,-24.86,-0.034746,0.028838
1.94,-24.766,-0.04062,0.019547
1.96,-24.97,-0.027086,0.017723
1.98,-25.221,-0.013822,0.016168
2,-24.767,-0.02964,0.015688
2.02,-24.811,-0.037971,0.024999
2.04,-24.872,-0.024687,0.0089887
2.06,-24.748,-0.012958,0.030738
2.08,-24.894,-0.021404,0.0178
2.1,-24.768,-0.043826,0.014402
2.12,-24.652,-0.02486,0.019604
2.14,-25.01,-0.035015,0.014229
2.16,-24.779,-0.039219,0.008048
2.18,-25.239,-0.02676,0.015707
2.2,-24.827,-0.033421,0.0093534
2.22,-24.95,-0.03177,0.023482
2.24,-24.622,-0.03872,0.0326
2.26,-25.305,-0.035629,0.01828
2.28,-24.967,-0.038259,0.0079329
2.3,-24.875,-0.024706,0.023636
2.32,-24.668,-0.027547,0.021505
2.34,-24.881,-0.037203,0.017704
2.36,-24.737,-0.030849,0.015036
2.38,-24.997,-0.033786,0.017358
2.4,-25.036,-0.02939,0.024039
2.42,-24.881,-0.02006,0.016226
2.44,-24.884,-0.035533,0.010601
2.46,-24.809,-0.030887,0.025248
2.48,-24.688,-0.028104,0.01062
2.5,-24.821,-0.036819,0.018318
2.52,-24.997,-0.046897,0.019048
2.54,-24.521,-0.026299,0.017934
2.56,-24.639,-0.054768,0.015919
2.58,-24.922,-0.013745,0.020699
2.6,-24.956,-0.023516,0.010947
2.62,-25.066,-0.029006,0.030758
2.64,-25.184,-0.037683,0.01229
2.66,-24.718,-0.038086,0.026016
2.68,-24.496,-0.026146,0.021927
2.7,-24.858,-0.02964,0.013653
2.72,-24.632,-0.035974,0.024826
2.74,-24.762,-0.033824,0.021332
2.76,-24.557,-0.018947,0.0016748
2.78,-25.097,-0.044805,0.014767
2.8,-24.697,-0.022364,0.0085472
2.82,-24.899,-0.034727,0.016437
2.84,-25.082,-0.028814,0.013538
2.86,-25.001,-0.01791,0.015266
2.88,-25.013,-0.047051,0.0099293
2.9,-25.135,-0.019888,0.025958
2.92,-24.689,-0.020118,0.023597
2.94,-24.886,-0.021769,0.026899
2.96,-25.039,-0.016663,0.022445
2.98,-24.83,-0.021462,0.020641
3,-24.962,-0.014532,0.019912
3.02,-25.027,-0.02294,0.014191
3.04,-24.814,-0.02509,0.016475
3.06,-24.829,-0.052138,0.024826
3.08,-25.274,-0.011672,0.012406
3.1,-24.635,-0.03609,0.022081
3.12,-24.404,-0.011249,0.030892
3.14,-24.839,-0.0062389,0.013097
3.16,-25.199,-0.043384,0.012521
3.18,-24.655,-0.036992,0.021313
3.2,-24.879,-0.024264,0.016072
3.22,-25.013,-0.04037,0.020046
3.24,-24.739,-0.01743,0.021486
3.26,-24.863,-0.02916,0.016015
3.28,-25.004,-0.022844,0.02521
3.3,-25.045,-0.030465,0.017128
3.32,-24.656,-0.03225,0.034098
3.34,-24.753,-0.054518,0.029126
3.36,-25.13,-0.030177,0.0064739
3.38,-25.004,-0.038124,0.018817
3.4,-24.922,-0.02484,0.013193
3.42,-24.745,-0.031444,0.018721
3.44,-24.487,-0.025378,0.032332
3.46,-24.992,-0.042981,0.012674
3.48,-25.191,-0.035379,0.010755
3.5,-24.622,-0.022729,0.028224
3.52,-24.63,-0.044843,0.014632
3.54,-24.81,-0.033575,0.02473
3.56,-24.896,-0.031694,0.025651
3.58,-24.785,-0.037568,0.012271
3.6,-24.887,-0.019216,0.021428
3.62,-25.188,-0.02221,0.006282
3.64,-24.952,-0.031521,0.019412
3.66,-24.765,-0.025551,0.01972
3.68,-25.017,-0.03728,0.012713
3.7,-24.755,-0.033057,0.02114
3.72,-24.795,-0.022383,0.023693
3.74,-24.941,-0.03776,0.0093534
3.76,-25.002,-0.038758,0.017282
3.78,-25,-0.023804,0.02043
3.8,-24.934,-0.023996,0.016533
3.82,-25.004,-0.043442,0.029126
3.84,-25.21,-0.039948,0.011235
3.86,-24.832,-0.0031866,0.031602
3.88,-24.675,-0.043154,0.022945
3.9,-24.82,-0.030561,0.0086048
3.92,-24.839,-0.027681,0.022119
3.94,-24.398,-0.038201,0.027686
3.96,-24.958,-0.029908,0.014575
3.98,-25.197,-0.034439,0.013634
4,-24.888,-0.026587,0.0024043
4.02,-24.812,-0.032826,0.028723
4.04,-24.936,-0.040082,0.0044199
4.06,-25.062,-0.036224,0.0045543
4.08,-24.994,-0.018966,0.022561
4.1,-24.779,-0.036608,0.015669
4.12,-24.78,-0.049854,0.019336
4.14,-25.053,-0.022018,0.015151
4.16,-25.091,-0.024418,0.011868
4.18,-24.857,-0.019964,0.028531
4.2,-25.068,-0.018582,0.016015
4.22,-24.827,-0.032231,0.028531
4.24,-24.755,-0.021443,0.013231
4.26,-24.364,-0.047473,0.021179
4.28,-24.614,-0.013802,0.025421
4.3,-24.922,-0.032884,0.023041
4.32,-24.876,-0.04277,0.017781
4.34,-24.793,-0.02699,0.030508
4.36,-24.794,-0.027163,0.013423
4.38,-24.999,-0.044056,0.0052453
4.4,-24.899,-0.011288,0.031852
4.42,-24.824,-0.037376,0.02235
4.44,-25.298,-0.029544,-0.00078238
4.46,-24.842,-0.02413,0.030489
4.48,-24.59,-0.035706,0.013845
4.5,-24.817,-0.035898,0.011043
4.52,-25.148,-0.030407,0.026554
4.54,-24.836,-0.010942,0.019758
4.56,-24.815,-0.034208,0.020372
4.58,-25.062,-0.026702,0.014709
4.6,-25.084,-0.010616,0.015496
4.62,-24.576,-0.036953,0.021946
4.64,-24.888,-0.030638,0.017205
4.66,-25.111,-0.020252,0.02233
4.68,-25.026,-0.033037,0.022484
4.7,-24.602,-0.036973,0.024979
4.72,-24.924,-0.016547,0.023156
4.74,-24.789,-0.046456,0.0078369
4.76,-25.012,-0.039487,0.01325
4.78,-24.59,-0.011345,0.028416
4.8,-24.772,-0.041906,0.023079
4.82,-25.14,-0.021174,0.019297
4.84,-24.968,-0.047627,0.021313
4.86,-24.704,-0.031713,0.021754
4.88,-24.763,-0.030503,0.01947
4.9,-24.965,-0.031924,0.019029
4.92,-24.879,-0.027969,0.0076257
4.94,-24.935,-0.022998,0.033676
4.96,-24.806,-0.013956,0.030431
4.98,-24.734,-0.039027,0.015132
5,-25.002,-0.020694,0.020334
5.02,-24.956,-0.014685,0.011945
5.04,-24.821,-0.041311,0.023674
5.06,-24.827,-0.019139,0.021179
5.08,-24.699,-0.051524,0.019316
5.1,-24.718,-0.02939,0.029222
5.12,-24.992,-0.024802,0.0049766
5.14,-24.808,-0.030676,0.015688
5.16,-24.886,-0.030158,0.021697
5.18,-24.613,-0.021308,0.024634
5.2,-25.634,-0.019696,0.0063396
5.22,-24.668,-0.020809,0.035346
5.24,-24.44,-0.023113,0.019009
5.26,-25.01,-0.025109,0.031909
5.28,-25.006,-0.03465,0.020737
5.3,-24.678,-0.036838,0.018549
5.32,-24.932,-0.028852,0.01661
5.34,-25.131,-0.030235,0.0081248
5.36,-24.588,-0.044229,0.025191
5.38,-24.678,-0.026223,0.01565
5.4,-25.063,-0.027624,0.00096451
5.42,-24.804,-0.020521,0.033215
5.44,-24.697,-0.044229,0.017051
5.46,-24.809,-0.034727,0.025306
5.48,-24.993,-0.020099,0.024826
5.5,-24.949,-0.03344,0.026381
5.52,-24.873,-0.040274,0.023021
5.54,-25.078,-0.022345,0.014229
5.56,-24.905,-0.023881,0.023463
5.58,-25.236,-0.029524,0.013385
5.6,-24.597,-0.028968,0.022887
5.62,-24.855,-0.022479,0.03093
5.64,-24.799,-0.041868,0.019662
5.66,-25.171,-0.014801,0.012079
5.68,-24.755,-0.034132,0.022042
5.7,-25.107,-0.031502,0.0085664
5.72,-24.568,-0.039622,0.021985
5.74,-24.895,-0.025397,0.027936
5.76,-24.899,-0.042405,0.013193
5.78,-24.789,-0.031137,0.025498
5.8,-24.598,-0.018621,0.013481
5.82,-25.014,-0.020732,0.013941
5.84,-25.112,-0.026434,0.01924
5.86,-25.069,-0.036358,0.017915
5.88,-25.055,-0.027355,0.024365
5.9,-24.978,-0.039123,0.01206
5.92,-24.885,-0.014762,0.0093918
5.94,-24.766,-0.032999,0.020449
5.96,-24.771,-0.037337,0.015957
5.98,-25.023,-0.025992,0.012367
6,-24.719,-0.037414,0.015036
6.02,-25.256,-0.037932,0.010332
6.04,-24.903,-0.024802,0.0077793
6.06,-24.642,-0.020752,0.030105
6.08,-24.918,-0.038144,0.017953
6.1,-25.185,-0.013591,0.019105
6.12,-24.769,-0.033306,0.024116
6.14,-24.626,-0.01912,0.013596
6.16,-24.962,-0.016759,0.023079
6.18,-25.281,-0.024514,0.017051
6.2,-24.682,-0.033018,0.016629
6.22,-24.983,-0.026242,0.025363
6.24,-25.313,-0.039334,0.015535
6.26,-24.609,-0.01912,0.028492
6.28,-24.87,-0.029236,0.01542
6.3,-25.367,-0.028104,0.0079905
6.32,-24.697,-0.035475,0.024634
6.34,-24.672,-0.040198,0.015016
6.36,-24.982,-0.024226,-0.0023949
6.38,-24.92,-0.04517,0.01828
6.4,-24.481,-0.02866,0.023501
6.42,-25.117,-0.034247,0.013154
6.44,-25.017,-0.024111,0.024826
6.46,-24.944,-0.034074,0.015324
6.48,-25.01,-0.018467,0.023732
6.5,-25.171,-0.017584,0.014498
6.52,-25.107,-0.028814,0.011139
6.54,-24.658,-0.029294,0.022081
6.56,-24.902,-0.024092,0.01112
6.58,-25.151,-0.022191,0.028608
6.6,-24.549,-0.033863,0.010486
6.62,-24.802,-0.039334,0.013557
6.64,-25.028,-0.030619,0.019777
6.66,-24.583,-0.045822,0.020468
6.68,-24.964,-0.023708,0.01421
6.7,-24.676,-0.043979,0.03308
6.72,-24.734,-0.023036,0.016207
6.74,-25.029,-0.040409,0.021102
6.76,-24.959,-0.011364,0.029836
6.78,-24.705,-0.023093,0.023655
6.8,-24.462,-0.028277,0.027302
6.82,-24.902,-0.028737,0.01755
6.84,-25.082,-0.033613,0.02425
6.86,-24.719,-0.026587,0.024768
6.88,-24.616,-0.025762,0.020391
6.9,-24.832,-0.032807,0.019182
6.92,-24.732,-0.021404,0.019528
6.94,-24.791,-0.023727,0.010697
6.96,-24.63,-0.024879,0.030047
6.98,-24.741,-0.034995,0.016341
7,-24.795,-0.021135,0.027053
7.02,-24.746,-0.04252,0.029299
7.04,-25.042,-0.049335,0.022426
7.06,-25.015,-0.037836,0.0031721
7.08,-24.595,-0.033613,0.034367
7.1,-24.999,-0.024437,0.011004
7.12,-24.772,-0.032999,0.026477
7.14,-24.411,-0.018064,0.037822
7.16,-25.001,-0.016375,0.015823
7.18,-25.253,-0.039699,0.0154
7.2,-24.48,-0.020176,0.022714
7.22,-24.697,-0.012823,0.021966
7.24,-25.139,-0.028526,0.023616
7.26,-25.085,-0.041081,0.017186
7.28,-24.497,-0.031694,0.022388
7.3,-25.023,-0.0034746,0.023137
7.32,-24.694,-0.021596,0.01707
7.34,-25.061,-0.025762,0.023674
7.36,-24.959,-0.023804,0.015592
7.38,-25.189,-0.023765,0.0052837
7.4,-24.616,-0.019485,0.02018
7.42,-25.397,-0.018563,0.012099
7.44,-24.7,-0.03179,0.016859
7.46,-24.658,-0.03536,0.034367
7.48,-25.208,-0.030331,0.010505
7.5,-25.067,-0.029486,0.017589
7.52,-24.775,-0.035283,0.02926
7.54,-25.099,-0.039295,0.0086239
7.56,-24.998,-0.015664,0.014575
7.58,-24.914,-0.024245,0.029548
7.6,-24.933,-0.036569,0.020833
7.62,-24.772,-0.017411,0.028531
7.64,-24.756,-0.028411,0.019739
7.66,-24.81,-0.014474,0.026861
7.68,-25.069,-0.023209,0.015842
7.7,-25.153,-0.014378,0.012847
7.72,-24.726,-0.010654,0.023329
7.74,-24.751,-0.035091,0.018645
7.76,-24.522,-0.033709,0.021044
7.78,-25.144,-0.040908,0.013653
7.8,-24.575,-0.028219,0.024768
7.82,-25.057,-0.035149,0.016706
7.84,-25.144,-0.03728,0.016821
7.86,-24.91,-0.027681,0.02066
7.88,-24.865,-0.027182,0.010371
7.9,-24.83,-0.0172,0.026246
7.92,-24.899,-0.029371,0.013961
7.94,-24.721,-0.024648,0.018414
7.96,-25.083,-0.028123,0.033618
7.98,-25.137,-0.033536,0.018357
8,-24.917,-0.02102,0.023041
8.02,-24.92,-0.027854,0.028108
8.04,-24.771,-0.026223,0.017435
8.06,-25.318,-0.017469,0.0178
8.08,-24.968,-0.034439,0.013634
8.1,-25.25,-0.019907,0.010332
8.12,-24.756,-0.040658,0.020737
8.14,-24.732,-0.040889,0.018491
8.16,-24.642,-0.017834,0.01755
8.18,-25.067,-0.036397,0.020161
8.2,-24.659,-0.018448,0.020814
8.22,-24.831,-0.012324,0.031986
8.24,-24.935,-0.02795,0.012041
8.26,-25.051,-0.021251,0.0089119
8.28,-25.319,-0.031041,0.024077
8.3,-25.069,-0.025915,0.011983
8.32,-24.758,-0.039871,0.011887
8.34,-25.218,-0.018448,0.022273
8.36,-24.837,-0.026223,0.017013
8.38,-24.711,-0.024725,0.013135
8.4,-24.945,-0.024284,0.023616
8.42,-25.124,-0.03298,0.0058404
8.44,-24.965,-0.034784,0.027245
8.46,-24.695,-0.020176,0.016283
8.48,-24.975,-0.028622,0.011926
8.5,-25.266,-0.044095,0.022561
8.52,-25.119,-0.021231,0.019681
8.54,-24.871,-0.018026,0.025575
8.56,-25.026,-0.024744,0.010985
8.58,-25.056,-0.038124,0.01803
8.6,-24.563,-0.028833,0.024116
8.62,-25.212,-0.021654,0.021063
8.64,-25,-0.025339,0.0077217
8.66,-25.108,-0.011384,0.031449
8.68,-25.286,-0.019907,0.0111
8.7,-24.678,-0.021385,0.028089
8.72,-25.133,-0.016682,0.021524
8.74,-24.867,-0.015127,0.014671
8.76,-25.292,-0.017603,0.016283
8.78,-24.865,-0.015242,0.027379
8.8,-25.074,-0.016106,0.016744
8.82,-25.012,0.0038585,0.019643
8.84,-25.001,-0.019312,0.017512
8.86,-25.283,-0.016682,0.013884
8.88,-25.339,-0.0019772,0.01709
8.9,-25.183,-0.0079474,0.011311
8.92,-24.761,-0.0070259,0.027187
8.94,-25.072,-0.0046072,0.023329
8.96,-24.687,-0.0085233,0.015938
8.98,-24.647,0.021596,0.033791
9,-24.828,0.0029755,0.020583
9.02,-24.922,0.00090226,0.015439
9.04,-25.007,-0.010462,0.026304
9.06,-25.159,0.0052215,0.015266
9.08,-24.997,0.0040889,0.013212
9.1,-24.945,-1.92E-05,0.027341
9.12,-24.717,-0.0081969,0.016053
9.14,-25.098,0.0129,0.023386
9.16,-24.817,0.012862,0.025095
9.18,-24.915,0.013092,0.015919
9.2,-25.062,0.0065077,0.010467
9.22,-24.946,0.01839,0.021409
9.24,-24.619,0.0064501,0.017646
9.26,-25.139,0.012823,0.019758
9.28,-25.201,-3.84E-05,0.01325
9.3,-24.844,0.006834,0.027955
9.32,-25.296,0.01267,0.012118
9.34,-25.253,0.012555,0.013711
9.36,-25.026,0.02269,0.02496
9.38,-24.836,0.0039545,0.01325
9.4,-24.784,0.024245,0.012674
9.42,-25.009,0.026415,0.028339
9.44,-25.089,0.007026,0.015439
9.46,-25.073,0.022249,0.009411
9.48,-25.047,0.02891,0.030988
9.5,-24.665,0.022038,0.0056869
9.52,-25.118,0.047147,0.018107
9.54,-24.743,0.031406,0.025632
9.56,-24.597,0.029928,0.015362
9.58,-25.032,0.045803,0.0264
9.6,-25.278,0.054864,0.011273
9.62,-25.01,0.060604,0.016514
9.64,-24.675,0.049585,0.024058
9.66,-24.754,0.092528,0.020622
9.68,-25.147,0.075443,0.026688
9.7,-24.573,0.077708,0.018357
9.72,-24.972,0.069511,0.022004
9.74,-25.34,0.072774,0.018529
9.76,-24.606,0.075596,0.027936
9.78,-24.893,0.091318,0.007357
9.8,-24.987,0.098613,0.025555
9.82,-24.833,0.11159,0.020276
9.84,-24.938,0.073446,0.021678
9.86,-25.057,0.10276,0.033119
9.88,-25.037,0.10286,0.014345
9.9,-24.545,0.10255,0.035173
9.92,-25.199,0.10441,0.01231
9.94,-24.861,0.12292,0.026342
9.96,-25.075,0.10739,0.021217
9.98,-24.912,0.1362,0.017032
10,-24.919,0.11203,0.026784
10.02,-25.174,0.12612,0.019777
10.04,-24.812,0.12764,0.008144
10.06,-24.653,0.15023,0.031199
10.08,-25.079,0.14685,0.013884
10.1,-24.609,0.14451,0.020583
10.12,-25.144,0.15256,0.026246
10.14,-24.734,0.16119,0.01661
10.16,-25.135,0.18876,0.024979
10.18,-24.834,0.15046,0.016571
10.2,-25.068,0.18371,0.016418
10.22,-24.452,0.17567,0.021754
10.24,-24.831,0.17926,0.010832
10.26,-25.216,0.20164,0.025344
10.28,-24.933,0.17457,0.0061668
10.3,-24.62,0.20489,0.027533
10.32,-24.957,0.2049,0.025191
10.34,-24.893,0.21489,0.01229
10.36,-24.657,0.21283,0.023712
10.38,-24.945,0.2226,0.0053605
10.4,-24.821,0.22383,0.030892
10.42,-24.792,0.23704,0.028454
10.44,-24.835,0.23452,0.020411
10.46,-25.023,0.23278,0.019029
10.48,-24.624,0.25601,0.021793
10.5,-24.656,0.23262,0.013653
10.52,-24.811,0.24984,0.016974
10.54,-24.688,0.26303,0.026285
10.56,-24.934,0.25217,0.025152
10.58,-24.706,0.26388,0.018203
10.6,-24.894,0.29609,0.030143
10.62,-24.919,0.28745,0.02306
10.64,-24.678,0.30091,0.020199
10.66,-24.967,0.27864,0.01709
10.68,-24.927,0.30319,0.026688
10.7,-25.168,0.3045,0.0054373
10.72,-24.614,0.30956,0.031295
10.74,-24.711,0.30686,0.016687
10.76,-25.027,0.2958,0.031122
10.78,-24.889,0.30837,0.023213
10.8,-24.592,0.32054,0.017934
10.82,-24.903,0.33909,0.024096
10.84,-25.05,0.32066,0.015612
10.86,-24.763,0.3368,0.033522
10.88,-24.943,0.34233,0.013673
10.9,-24.868,0.34193,0.01229
10.92,-24.706,0.33544,0.030393
10.94,-24.893,0.36305,0.01565
10.96,-24.774,0.3585,0.022541
10.98,-24.829,0.35408,0.029452
11,-24.768,0.35308,0.027763
11.02,-24.656,0.35281,0.026688
11.04,-24.775,0.34771,0.028204
11.06,-25.088,0.34057,0.020199
11.08,-24.439,0.35088,0.02185
11.1,-25.017,0.34466,0.01206
11.12,-25.112,0.35268,0.024596
11.14,-24.845,0.37053,0.031545
11.16,-24.738,0.35485,0.017589
11.18,-25.034,0.34713,0.020929
11.2,-24.572,0.3555,0.020161
11.22,-24.562,0.357,0.013346
11.24,-25.226,0.35949,0.020622
11.26,-24.852,0.33598,0.021159
11.28,-24.859,0.34888,0.033733
11.3,-25.05,0.34302,0.015707
11.32,-25.097,0.34715,0.022829
11.34,-24.821,0.33247,0.015189
11.36,-24.929,0.34523,0.016341
11.38,-24.803,0.32724,0.023425
11.4,-25.002,0.33535,0.025191
11.42,-25.038,0.3258,0.018395
11.44,-24.984,0.32987,0.031487
11.46,-25.077,0.31753,0.021716
11.48,-24.959,0.32638,0.034271
11.5,-24.884,0.3179,0.03358
11.52,-25.042,0.31436,0.029414
11.54,-24.83,0.2843,0.02114
11.56,-24.97,0.30924,0.027187
11.58,-25.054,0.28446,0.031372
11.6,-25.1,0.28839,0.032581
11.62,-24.998,0.27288,0.029241
11.64,-24.964,0.26766,0.03834
11.66,-25.213,0.23819,0.02688
11.68,-24.694,0.25107,0.030777
11.7,-25.078,0.25293,0.031468
11.72,-24.775,0.22846,0.040202
11.74,-25.063,0.23141,0.033292
11.76,-25.098,0.22433,0.036747
11.78,-24.407,0.2051,0.044003
11.8,-24.767,0.20581,0.040778
11.82,-24.989,0.19953,0.029126
11.84,-25.054,0.18982,0.04433
11.86,-24.752,0.16974,0.044214
11.88,-24.663,0.15006,0.03333
11.9,-25.005,0.14372,0.048111
11.92,-24.922,0.13184,0.041277
11.94,-24.753,0.11027,0.045827
11.96,-25.043,0.11923,0.028684
11.98,-24.863,0.10065,0.045366
12,-24.835,0.093353,0.048783
12.02,-24.913,0.055805,0.03907
12.04,-25.157,0.054134,0.036939
12.06,-25.027,0.034381,0.047996
12.08,-25.183,0.021193,0.028972
12.1,-24.81,0.026933,0.042084
12.12,-25.164,-0.0094255,0.041105
12.14,-24.763,-0.014129,0.0479
12.16,-25.164,-0.02651,0.036997
12.18,-24.916,-0.046744,0.049916
12.2,-24.632,-0.060412,0.056615
12.22,-25.033,-0.055209,0.047766
12.24,-24.797,-0.088765,0.056347
12.26,-24.837,-0.091011,0.053621
12.28,-24.708,-0.095158,0.045117
12.3,-24.818,-0.12134,0.057959
12.32,-24.716,-0.13536,0.0522
12.34,-24.968,-0.14724,0.051106
12.36,-24.615,-0.15196,0.066425
12.38,-25.337,-0.16876,0.056059
12.4,-24.682,-0.18939,0.076215
12.42,-24.586,-0.2156,0.067308
12.44,-25.083,-0.22258,0.070898
12.46,-25.031,-0.21798,0.074564
12.48,-24.602,-0.24103,0.067557
12.5,-24.929,-0.24892,0.06965
12.52,-24.841,-0.25482,0.079075
12.54,-24.682,-0.27275,0.068383
12.56,-25.005,-0.29745,0.083817
12.58,-24.928,-0.29724,0.07036
12.6,-24.771,-0.31331,0.077501
12.62,-24.963,-0.33049,0.095335
12.64,-24.865,-0.33592,0.07633
12.66,-24.704,-0.34249,0.11254
12.68,-24.576,-0.34871,0.093262
12.7,-24.641,-0.3617,0.1124
12.72,-24.663,-0.36633,0.10983
12.74,-24.934,-0.40248,0.10336
12.76,-25.014,-0.39113,0.11495
12.78,-24.56,-0.41862,0.12102
12.8,-24.671,-0.43069,0.12023
12.82,-25.165,-0.44471,0.1281
12.84,-24.718,-0.43738,0.12774
12.86,-24.548,-0.45584,0.14503
12.88,-25.048,-0.45122,0.1363
12.9,-25.129,-0.47928,0.13599
12.92,-24.539,-0.48262,0.14081
12.94,-24.94,-0.50827,0.14283
12.96,-24.628,-0.50376,0.16256
12.98,-24.462,-0.51278,0.16446
13,-25.058,-0.53743,0.15865
13.02,-24.837,-0.5381,0.16865
13.04,-24.857,-0.55048,0.16959
13.06,-24.793,-0.56344,0.17984
13.08,-24.784,-0.55181,0.1902
13.1,-24.957,-0.57043,0.17896
13.12,-25.083,-0.594,0.20295
13.14,-24.816,-0.58891,0.19951
13.16,-24.713,-0.59868,0.21182
13.18,-24.896,-0.59577,0.21451
13.2,-24.902,-0.60815,0.21504
13.22,-24.57,-0.6269,0.23301
13.24,-25.029,-0.62686,0.22102
13.26,-24.94,-0.64598,0.22599
13.28,-24.433,-0.64132,0.25403
13.3,-24.916,-0.65499,0.24275
13.32,-24.834,-0.65399,0.25741
13.34,-24.625,-0.66879,0.26578
13.36,-24.636,-0.68369,0.25979
13.38,-24.951,-0.67632,0.27077
13.4,-24.72,-0.68833,0.28043
13.42,-24.893,-0.69904,0.28456
13.44,-24.799,-0.70845,0.2898
13.46,-24.863,-0.69436,0.29018
13.48,-25,-0.71573,0.30844
13.5,-25.087,-0.70929,0.30924
13.52,-24.906,-0.72454,0.30961
13.54,-24.582,-0.72346,0.32821
13.56,-24.589,-0.73892,0.32759
13.58,-24.934,-0.74402,0.33454
13.6,-24.701,-0.72913,0.35338
13.62,-24.677,-0.73993,0.34886
13.64,-24.52,-0.74826,0.35364
13.66,-24.957,-0.71139,0.36115
13.68,-24.711,-0.7191,0.37514
13.7,-24.955,-0.72707,0.38376
13.72,-24.639,-0.71941,0.38664
13.74,-24.881,-0.73778,0.39465
13.76,-24.743,-0.73636,0.40628
13.78,-25.026,-0.72074,0.40918
13.8,-24.798,-0.70941,0.41507
13.82,-25.171,-0.7331,0.4163
13.84,-24.888,-0.71041,0.43129
13.86,-24.606,-0.70872,0.44395
13.88,-24.966,-0.70352,0.43218
13.9,-25.049,-0.68779,0.43767
13.92,-25.058,-0.69831,0.43448
13.94,-24.702,-0.68837,0.43673
13.96,-25.507,-0.67203,0.44719
13.98,-24.533,-0.63771,0.45671
14,-24.836,-0.64414,0.46274
14.02,-25.057,-0.63808,0.45326
14.04,-24.889,-0.61523,0.45736
14.06,-25.072,-0.59686,0.46593
14.08,-24.949,-0.58158,0.4622
14.1,-24.988,-0.5729,0.4637
14.12,-24.966,-0.53962,0.46917
14.14,-25.134,-0.52921,0.4607
14.16,-24.298,-0.50483,0.4728
14.18,-24.942,-0.47911,0.47913
14.2,-25.153,-0.45385,0.47128
14.22,-25.2,-0.40585,0.47059
14.24,-25.076,-0.40775,0.47351
14.26,-24.85,-0.35322,0.4856
14.28,-24.77,-0.34322,0.47261
14.3,-24.389,-0.31104,0.46894
14.32,-24.872,-0.25551,0.4933
14.34,-24.785,-0.24,0.47046
14.36,-25.161,-0.20049,0.46141
14.38,-25.02,-0.16432,0.46742
14.4,-24.989,-0.13322,0.46155
14.42,-24.906,-0.10161,0.46429
14.44,-24.976,-0.050602,0.46349
14.46,-24.742,-0.039027,0.45222
14.48,-24.914,0.024802,0.45754
14.5,-25.309,0.086845,0.44972
14.52,-24.954,0.12171,0.45681
14.54,-24.509,0.14503,0.45539
14.56,-25.055,0.21066,0.43316
14.58,-25.352,0.24877,0.43314
14.6,-24.969,0.28419,0.43258
14.62,-24.947,0.31863,0.41237
14.64,-25.04,0.37276,0.42502
14.66,-24.868,0.40923,0.39874
14.68,-24.924,0.46604,0.40799
14.7,-24.919,0.49765,0.39632
14.72,-25.129,0.5406,0.37783
14.74,-25.116,0.58594,0.3604
14.76,-25.018,0.64132,0.36747
14.78,-24.988,0.67073,0.34268
14.8,-25.026,0.71599,0.34637
14.82,-25.449,0.75318,0.3261
14.84,-25.683,0.81344,0.31285
14.86,-25.165,0.85807,0.30727
14.88,-25.238,0.90164,0.27724
14.9,-25.395,0.94847,0.27066
14.92,-25.426,0.98749,0.24768
14.94,-24.965,1.037,0.23845
14.96,-25.311,1.0685,0.22831
14.98,-25.387,1.109,0.21307
15,-25.137,1.149,0.20481
15.02,-25.373,1.176,0.17229
15.04,-25.809,1.1999,0.14964
15.06,-25.308,1.2277,0.14114
15.08,-25.128,1.2313,0.11054
15.1,-25.502,1.274,0.10155
15.12,-25.462,1.2729,0.087695
15.14,-25.808,1.271,0.064045
15.16,-25.377,1.2637,0.059648
15.18,-25.483,1.2848,0.041738
15.2,-25.395,1.2908,0.024173
15.22,-25.773,1.263,0.0088927
15.24,-25.675,1.2791,-0.021534
15.26,-25.527,1.2655,-0.03476
15.28,-25.239,1.2409,-0.050502
15.3,-25.497,1.2159,-0.088204
15.32,-25.586,1.1993,-0.096074
15.34,-25.719,1.1906,-0.12103
15.36,-25.819,1.1461,-0.14754
15.38,-25.777,1.1061,-0.16591
15.4,-25.701,1.0744,-0.19498
15.42,-25.461,1.0476,-0.20271
15.44,-25.474,0.98607,-0.22845
15.46,-25.783,0.9315,-0.2598
15.48,-25.377,0.85648,-0.25886
15.5,-25.874,0.813,-0.28721
15.52,-25.53,0.76218,-0.30338
15.54,-25.819,0.7081,-0.31947
15.56,-25.36,0.64332,-0.34728
15.58,-25.598,0.57066,-0.37314
15.6,-26.085,0.53082,-0.39635
15.62,-25.732,0.44801,-0.4081
15.64,-25.44,0.38065,-0.42635
15.66,-25.635,0.3346,-0.45828
15.68,-25.527,0.26716,-0.4798
15.7,-25.082,0.17826,-0.50556
15.72,-25.555,0.12414,-0.5164
15.74,-25.407,0.053942,-0.54055
15.76,-25.443,-0.018294,-0.56923
15.78,-25.198,-0.10345,-0.58726
15.8,-25.496,-0.17407,-0.59426
15.82,-25.244,-0.2447,-0.6144
15.84,-25.129,-0.29987,-0.62842
15.86,-25.246,-0.36103,-0.65638
15.88,-25.708,-0.43845,-0.67362
15.9,-25.228,-0.5148,-0.68908
15.92,-25.012,-0.58582,-0.70201
15.94,-25.219,-0.64096,-0.71284
15.96,-25.316,-0.68933,-0.74237
15.98,-25.119,-0.7556,-0.75506
16,-24.973,-0.80737,-0.7607
16.02,-25.319,-0.83258,-0.78535
16.04,-25.258,-0.90276,-0.79264
16.06,-25.019,-0.91765,-0.79199
16.08,-24.917,-0.97175,-0.81109
16.1,-25.008,-1.0049,-0.82199
16.12,-25.183,-1.0575,-0.85052
16.14,-25.382,-1.0899,-0.84908
16.16,-24.928,-1.1292,-0.85649
16.18,-24.928,-1.1487,-0.86446
16.2,-25.111,-1.1799,-0.86828
16.22,-24.732,-1.2106,-0.87225
16.24,-24.99,-1.2258,-0.892
16.26,-25.141,-1.2512,-0.88788
16.28,-24.732,-1.2439,-0.89692
16.3,-25.027,-1.2521,-0.89794
16.32,-24.563,-1.2472,-0.89041
16.34,-24.855,-1.2504,-0.90051
16.36,-25.091,-1.2453,-0.90523
16.38,-24.926,-1.2503,-0.9055
16.4,-24.586,-1.2296,-0.90437
16.42,-24.79,-1.2136,-0.90222
16.44,-25.101,-1.176,-0.91769
16.46,-24.592,-1.1707,-0.90673
16.48,-24.781,-1.1394,-0.92208
16.5,-24.824,-1.0965,-0.92193
16.52,-24.81,-1.0587,-0.90558
16.54,-24.687,-1.0037,-0.90798
16.56,-24.934,-0.97801,-0.91562
16.58,-25.012,-0.9219,-0.90997
16.6,-24.983,-0.85271,-0.90965
16.62,-24.795,-0.78931,-0.89026
16.64,-24.769,-0.7536,-0.89959
16.66,-24.989,-0.68046,-0.89531
16.68,-24.761,-0.58659,-0.8891
16.7,-24.525,-0.51817,-0.88375
16.72,-24.679,-0.42647,-0.88569
16.74,-24.821,-0.34099,-0.89239
16.76,-25.28,-0.26656,-0.87682
16.78,-24.666,-0.15428,-0.86256
16.8,-25.198,-0.059529,-0.87365
16.82,-25.292,0.030926,-0.87058
16.84,-24.903,0.15081,-0.85353
16.86,-24.258,0.24748,-0.85
16.88,-25.046,0.33984,-0.83651
16.9,-25.004,0.46062,-0.85054
16.92,-24.953,0.5495,-0.82261
16.94,-24.584,0.65071,-0.80925
16.96,-25.001,0.75723,-0.80479
16.98,-24.683,0.89719,-0.79278
17,-24.657,0.98189,-0.78477
17.02,-24.755,1.0945,-0.77945
17.04,-24.7,1.2155,-0.75143
17.06,-24.754,1.311,-0.74692
17.08,-24.531,1.396,-0.73352
17.1,-24.522,1.5094,-0.7024
17.12,-24.515,1.5939,-0.70476
17.14,-24.724,1.6317,-0.68944
17.16,-24.332,1.6855,-0.66598
17.18,-24.378,1.7498,-0.64907
17.2,-24.701,1.7469,-0.62705
17.22,-24.967,1.7523,-0.62296
17.24,-24.497,1.7649,-0.59618
17.26,-23.958,1.7804,-0.5618
17.28,-24.141,1.7843,-0.55437
17.3,-24.348,1.7884,-0.53506
17.32,-23.851,1.7815,-0.5117
17.34,-24.123,1.8012,-0.47035
17.36,-23.579,1.7819,-0.43754
17.38,-23.557,1.7972,-0.41257
17.4,-23.57,1.8062,-0.39113
17.42,-23.089,1.8389,-0.34799
17.44,-22.972,1.8195,-0.32922
17.46,-22.856,1.8279,-0.28136
17.48,-22.556,1.7985,-0.26875
17.5,-22.844,1.8138,-0.2373
17.52,-22.319,1.7462,-0.18791
17.54,-22.475,1.7185,-0.16115
17.56,-22.157,1.6868,-0.12067
17.58,-21.933,1.6332,-0.0797
17.6,-21.738,1.4967,-0.045933
17.62,-21.392,1.3918,0.021255
17.64,-20.997,1.2557,0.04433
17.66,-21.443,1.1054,0.064236
17.68,-20.657,0.97985,0.12378
17.7,-20.55,0.82879,0.15914
17.72,-20.511,0.65823,0.20664
17.74,-20.22,0.53768,0.26989
17.76,-20.24,0.39983,0.3008
17.78,-19.809,0.24447,0.34994
17.8,-19.948,0.12885,0.38705
17.82,-19.623,-0.026856,0.44642
17.84,-19.412,-0.19101,0.4822
17.86,-19.485,-0.31239,0.51125
17.88,-18.926,-0.44751,0.57162
17.9,-19.075,-0.61072,0.6415
17.92,-18.403,-0.74174,0.71949
17.94,-18.86,-0.84557,0.80807
17.96,-18.773,-0.97323,0.86015
17.98,-19.277,-1.1014,0.92275
18,-18.952,-1.2415,0.98007
18.02,-18.775,-1.3471,1.0269
18.04,-19.082,-1.4812,1.0781
18.06,-19.09,-1.6068,1.1131
18.08,-18.983,-1.739,1.157
18.1,-19.74,-1.8584,1.1798
18.12,-19.531,-1.9362,1.2438
18.14,-19.619,-2.0463,1.3014
18.16,-19.847,-2.1165,1.3233
18.18,-20.261,-2.2143,1.3705
18.2,-20.566,-2.2653,1.4348
18.22,-20.86,-2.3155,1.4518
18.24,-20.908,-2.3914,1.508
18.26,-21.542,-2.4298,1.5429
18.28,-21.205,-2.4596,1.619
18.3,-21.963,-2.4841,1.6785
18.32,-22.447,-2.4929,1.7047
18.34,-22.836,-2.5363,1.7617
18.36,-22.755,-2.5391,1.8016
18.38,-23.134,-2.5681,1.824
18.4,-23.807,-2.5336,1.8594
18.42,-23.773,-2.5117,1.8801
18.44,-24.174,-2.4767,1.9106
18.46,-24.503,-2.4295,1.9391
18.48,-24.537,-2.381,1.9577
18.5,-24.793,-2.3227,1.9699
18.52,-24.716,-2.2384,1.9714
18.54,-24.955,-2.1172,1.9915
18.56,-24.933,-2.0301,1.9778
18.58,-25.009,-1.9356,1.9949
18.6,-25.302,-1.8272,1.9795
18.62,-25.567,-1.6975,1.9618
18.64,-25.588,-1.5414,1.9513
18.66,-25.989,-1.4128,1.9292
18.68,-26.086,-1.2737,1.8959
18.7,-26.98,-1.1211,1.8851
18.72,-28.028,-0.97515,1.8398
18.74,-28.312,-0.81511,1.8242
18.76,-29.516,-0.64318,1.7657
18.78,-30.401,-0.47485,1.7164
18.8,-31.088,-0.29632,1.6842
18.82,-32.842,-0.098939,1.6041
18.84,-33.623,0.11505,1.5621
18.86,-34.628,0.29557,1.4882
18.88,-35.974,0.49491,1.3962
18.9,-37.048,0.70642,1.3189
18.92,-38.523,0.94626,1.236
18.94,-40.341,1.1523,1.1642
18.96,-41.114,1.3687,1.0791
18.98,-42.751,1.587,0.98011
19,-44.131,1.7143,0.8814
19.02,-45.492,1.8039,0.78712
19.04,-46.325,1.8071,0.6635
19.06,-47.75,1.8366,0.54336
19.08,-48.519,1.9178,0.41075
19.1,-49.289,2.0311,0.29934
19.12,-49.918,2.1116,0.1644
19.14,-51.178,2.2175,0.066482
19.16,-51.368,2.2816,-0.056664
19.18,-51.719,2.3307,-0.18876
19.2,-51.563,2.3764,-0.27954
19.22,-51.737,2.3893,-0.41535
19.24,-52.138,2.4162,-0.55435
19.26,-51.358,2.436,-0.676
19.28,-50.634,2.4659,-0.81161
19.3,-50.406,2.4549,-0.91707
19.32,-49.742,2.4575,-1.0429
19.34,-48.878,2.4633,-1.1717
19.36,-47.828,2.4379,-1.2994
19.38,-46.817,2.4216,-1.414
19.4,-45.725,2.4082,-1.5176
19.42,-44.636,2.3864,-1.6403
19.44,-43.002,2.3448,-1.7593
19.46,-41.755,2.2429,-1.8533
19.48,-40.006,2.0976,-1.9659
19.5,-38.919,1.9161,-2.0736
19.52,-37.561,1.7265,-2.1597
19.54,-35.785,1.539,-2.2609
19.56,-34.155,1.3276,-2.318
19.58,-33.174,1.1015,-2.4045
19.6,-31.642,0.85283,-2.4838
19.62,-30.33,0.62414,-2.5496
19.64,-29.192,0.40361,-2.614
19.66,-28.119,0.1869,-2.6687
19.68,-27.349,-0.046302,-2.6924
19.7,-26.137,-0.29797,-2.7253
19.72,-25.568,-0.51046,-2.7689
19.74,-25.655,-0.74427,-2.792
19.76,-25.093,-0.92528,-2.7933
19.78,-24.516,-1.1252,-2.8103
19.8,-24.83,-1.3316,-2.8091
19.82,-24.912,-1.5475,-2.7916
19.84,-24.031,-1.7618,-2.7619
19.86,-23.093,-1.9357,-2.736
19.88,-21.701,-2.0967,-2.724
19.9,-20.739,-2.2586,-2.6635
19.92,-19.116,-2.4232,-2.6236
19.94,-16.961,-2.5669,-2.539
19.96,-14.788,-2.7317,-2.4526
19.98,-12.655,-2.8674,-2.3861
20,-9.8816,-2.9999,-2.2909
20.02,-7.0762,-3.0976,-2.1579
20.04,-4.2992,-3.1815,-2.0698
20.06,-1.6242,-3.2536,-1.9536
20.08,2.1021,-3.3243,-1.8301
20.1,5.2665,-3.4121,-1.7006
20.12,8.3826,-3.4307,-1.5557
20.14,11.433,-3.4635,-1.4173
20.16,14.196,-3.4847,-1.2497
20.18,17.392,-3.4874,-1.1083
20.2,20.282,-3.4722,-0.98267
20.22,22.812,-3.4467,-0.81923
20.24,25.033,-3.3861,-0.64158
20.26,27.542,-3.323,-0.47926
20.28,29.321,-3.2059,-0.29215
20.3,31.006,-3.1074,-0.15495
20.32,32.308,-3.006,0.023981
20.34,33.427,-2.8734,0.19349
20.36,33.823,-2.7137,0.39225
20.38,34.79,-2.5765,0.62631
20.4,34.839,-2.4149,0.79432
20.42,34.309,-2.2633,0.9105
20.44,34.253,-2.1013,1.0796
20.46,33.419,-1.9569,1.2166
20.48,31.731,-1.7602,1.3503
20.5,29.982,-1.5145,1.4908
20.52,28.246,-1.3326,1.662
20.54,26.217,-1.1152,1.8475
20.56,24.042,-0.91583,2.0128
20.58,21.076,-0.68079,2.1814
20.6,18.758,-0.48976,2.3574
20.62,15.203,-0.23403,2.5045
20.64,12.324,0.010174,2.6386
20.66,9.3239,0.23746,2.7771
20.68,5.598,0.48642,2.8943
20.7,2.6631,0.74959,3.0236
20.72,-1.0714,0.99022,3.1405
20.74,-4.2129,1.252,3.2387
20.76,-7.4839,1.5146,3.3467
20.78,-10.692,1.7735,3.4448
20.8,-13.385,1.9751,3.5299
20.82,-16.087,2.1378,3.613
20.84,-18.781,2.2598,3.6626
20.86,-21.002,2.3946,3.7232
20.88,-22.339,2.4261,3.7488
20.9,-24.12,2.4552,3.769
20.92,-24.62,2.5249,3.8011
20.94,-25.097,2.6152,3.8004
20.96,-25.557,2.7306,3.8061
20.98,-25.957,2.8144,3.8264
21,-27.526,2.9264,3.7963
21.02,-29.077,2.9699,3.7729
21.04,-32.325,3.0185,3.7352
21.06,-35.687,3.0428,3.6735
21.08,-39.228,3.0434,3.6037
21.1,-43.479,3.0169,3.4891
21.12,-48.68,3.0342,3.3877
21.14,-54.017,2.992,3.2489
21.16,-59.862,2.9978,3.1331
21.18,-65.869,3.0113,3.0165
21.2,-72.589,2.9748,2.8516
21.22,-78.702,2.9433,2.6801
21.24,-84.879,2.853,2.5065
21.26,-90.862,2.7496,2.3128
21.28,-97.242,2.5573,2.113
21.3,-102.53,2.3316,1.912
21.32,-108.4,2.1532,1.6799
21.34,-112.9,1.9742,1.4756
21.36,-116.99,1.8182,1.296
21.38,-120.7,1.6503,1.0836
21.4,-123.49,1.4543,0.85414
21.42,-125.94,1.2502,0.60529
21.44,-127.12,1.0252,0.36069
21.46,-127.5,0.76679,0.14064
21.48,-127.7,0.57146,-0.092043
21.5,-127.48,0.34949,-0.31879
21.52,-125.53,0.14006,-0.57825
21.54,-123.32,-0.064827,-0.85106
21.56,-121.07,-0.27006,-1.0548
21.58,-117.64,-0.48496,-1.2912
21.6,-114.57,-0.65529,-1.5912
21.62,-109.92,-0.82674,-1.856
21.64,-105.87,-1.0072,-2.0963
21.66,-100.82,-1.1739,-2.3078
21.68,-95.903,-1.3165,-2.4851
21.7,-90.037,-1.4759,-2.6599
21.72,-84.333,-1.646,-2.8496
21.74,-79.074,-1.7985,-3.026
21.76,-73.144,-1.9262,-3.2377
21.78,-67.244,-2.0554,-3.3936
21.8,-61.522,-2.1483,-3.551
21.82,-56.184,-2.2659,-3.6773
21.84,-50.665,-2.3595,-3.7789
21.86,-45.501,-2.4209,-3.8935
21.88,-40.892,-2.4965,-3.9971
21.9,-36.926,-2.5477,-4.1231
21.92,-32.963,-2.6114,-4.1825
21.94,-29.769,-2.6764,-4.2347
21.96,-27.903,-2.7323,-4.3174
21.98,-26.217,-2.7648,-4.37
22,-25.467,-2.7983,-4.3892
22.02,-24.382,-2.8455,-4.3779
22.04,-23.881,-2.8232,-4.3487
22.06,-22.084,-2.8228,-4.3061
22.08,-18.505,-2.7905,-4.2366
22.1,-13.946,-2.7518,-4.1645
22.12,-8.9373,-2.7173,-4.0806
22.14,-2.0025,-2.6628,-3.9408
22.16,5.0076,-2.591,-3.8136
22.18,13.573,-2.5462,-3.7212
22.2,23.347,-2.475,-3.5859
22.22,32.499,-2.3816,-3.46
22.24,42.219,-2.2817,-3.2898
22.26,52.831,-2.1751,-3.0516
22.28,63.229,-2.0828,-2.8245
22.3,72.581,-2.0006,-2.6063
22.32,82.597,-1.9077,-2.3457
22.34,92.171,-1.7852,-2.0917
22.36,100.59,-1.649,-1.8226
22.38,108.41,-1.5382,-1.5345
22.4,114.96,-1.3892,-1.2468
22.42,121.68,-1.2651,-0.968
22.44,126.31,-1.1375,-0.71599
22.46,130.08,-0.9968,-0.41827
22.48,132.31,-0.83528,-0.11957
22.5,133.24,-0.7107,0.18036
22.52,133.02,-0.54536,0.50416
22.54,131.99,-0.38994,0.78701
22.56,129.36,-0.24359,1.0412
22.58,126.55,-0.06857,1.2937
22.6,122.33,0.10717,1.529
22.62,117.14,0.26791,1.7915
22.64,111.26,0.43409,2.0873
22.66,105.14,0.60343,2.3195
22.68,97.895,0.77873,2.5523
22.7,90.221,0.96482,2.8007
22.72,82.067,1.1469,3.0262
22.74,73.572,1.3268,3.3059
22.76,64.982,1.5145,3.5404
22.78,55.757,1.6791,3.7102
22.8,46.809,1.8481,3.8928
22.82,37.504,1.9305,4.059
22.84,28.336,2.032,4.2296
22.86,19.328,2.0964,4.3415
22.88,10.939,2.2115,4.4431
22.9,2.4864,2.3251,4.6217
22.92,-4.65,2.3781,4.7443
22.94,-10.936,2.4747,4.8389
22.96,-16.066,2.52,4.9069
22.98,-20.938,2.6008,4.9427
23,-23.201,2.6412,4.9911
23.02,-24.684,2.64,5.0347
23.04,-25.876,2.6683,5.0422
23.06,-27.058,2.6538,5.0558
23.08,-30.261,2.6289,5.0345
23.1,-35.99,2.6141,4.9804
23.12,-42.599,2.6154,4.9254
23.14,-50.834,2.5798,4.8232
23.16,-61.39,2.5343,4.6988
23.18,-72.939,2.4988,4.562
23.2,-85.26,2.409,4.3961
23.22,-98.978,2.2997,4.2128
23.24,-113.37,2.2214,4.0126
23.26,-127.45,2.1164,3.8199
23.28,-141.63,2.0212,3.5962
23.3,-155.99,1.9301,3.3067
23.32,-169.31,1.797,3.0253
23.34,-181.18,1.6961,2.7451
23.36,-192.23,1.5897,2.4484
23.38,-201.78,1.4082,2.129
23.4,-209.72,1.2402,1.727
23.42,-215.8,1.0341,1.3839
23.44,-221,0.82722,1.0997
23.46,-224.64,0.64758,0.85677
23.48,-225.79,0.4721,0.47554
23.5,-226.05,0.30331,0.10142
23.52,-225.05,0.10783,-0.16904
23.54,-221.88,-0.075596,-0.47974
23.56,-217.41,-0.22905,-0.83875
23.58,-211.89,-0.42785,-1.2241
23.6,-205.26,-0.58818,-1.6426
23.62,-197.78,-0.73295,-1.8076
23.64,-189.02,-0.88462,-2.0403
23.66,-180.24,-1.0419,-2.4167
23.68,-170.84,-1.2275,-2.8116
23.7,-160.24,-1.3927,-3.1559
23.72,-149.31,-1.5519,-3.4593
23.74,-138.36,-1.7302,-3.577
23.76,-126.87,-1.8697,-3.7303
23.78,-115.34,-1.9903,-3.9678
23.8,-103.86,-2.1094,-4.2804
23.82,-92.631,-2.2377,-4.5897
23.84,-81.591,-2.3365,-4.7441
23.86,-71.007,-2.4503,-4.8382
23.88,-60.833,-2.5559,-5.0193
23.9,-51.811,-2.6333,-5.1941
23.92,-43.613,-2.7157,-5.3745
23.94,-36.039,-2.777,-5.4186
23.96,-30.918,-2.8349,-5.4366
23.98,-27.2,-2.8696,-5.5087
24,-25.341,-2.9086,-5.5671
24.02,-24.626,-2.9032,-5.5058
24.04,-22.012,-2.9052,-5.3773
24.06,-17.038,-2.8792,-5.3043
24.08,-8.8998,-2.8433,-5.242
24.1,1.1644,-2.8013,-5.1669
24.12,13.738,-2.7436,-5.052
24.14,28.936,-2.6424,-4.8867
24.16,46.326,-2.5799,-4.6833
24.18,64.183,-2.4977,-4.4736
24.2,83.501,-2.3986,-4.2907
24.22,102.77,-2.2946,-4.106
24.24,121.95,-2.1875,-3.8904
24.26,141.18,-2.058,-3.6098
24.28,158.73,-1.9153,-3.2879
24.3,175.24,-1.7632,-2.9417
24.32,190.24,-1.5904,-2.5824
24.34,202.24,-1.4165,-2.221
24.36,212.95,-1.2296,-1.8305
24.38,220.63,-1.0549,-1.4515
24.4,226.94,-0.91865,-1.0395
24.42,230.41,-0.74437,-0.63227
24.44,231.27,-0.53768,-0.22062
24.46,230.39,-0.34901,0.15335
24.48,227.44,-0.14223,0.47501
24.5,222.98,0.059682,0.79522
24.52,216.53,0.25841,1.0993
24.54,209.54,0.44239,1.3898
24.56,201.35,0.6524,1.7699
24.58,191.84,0.87531,2.1567
24.6,180.78,1.0681,2.4786
24.62,169.13,1.2733,2.7943
24.64,156.52,1.4863,3.0963
24.66,142.4,1.6529,3.3818
24.68,127.52,1.8259,3.6112
24.7,112.29,1.9392,3.8938
24.72,96.499,2.0624,4.1602
24.74,80.715,2.1341,4.4205
24.76,65.156,2.2318,4.6667
24.78,49.696,2.3412,4.8377
24.8,35.356,2.4421,4.9751
24.82,21.648,2.5242,5.114
24.84,9.0081,2.5834,5.2531
24.86,-1.7517,2.6402,5.429
24.88,-10.659,2.6444,5.5387
24.9,-17.878,2.6182,5.5673
24.92,-22.403,2.5993,5.6142
24.94,-24.76,2.5584,5.6035
24.96,-25.876,2.5294,5.6071
24.98,-28.556,2.4403,5.5825
25,-34.792,2.3681,5.5492
25.02,-43.752,2.3099,5.4955
25.04,-54.929,2.2074,5.3703
25.06,-68.346,2.1301,5.1948
25.08,-84.376,2.0787,5.0704
25.1,-101.82,1.9933,4.9357
25.12,-120.14,1.9128,4.7824
25.14,-138.62,1.8304,4.5926
25.16,-157.82,1.7088,4.3284
25.18,-175.86,1.5884,4.0625
25.2,-194.02,1.4293,3.7518
25.22,-210.51,1.2675,3.4298
25.24,-225.77,1.1069,3.1142
25.26,-238.83,0.94453,2.8007
25.28,-250.11,0.79384,2.3993
25.3,-259.15,0.62113,1.9342
25.32,-265.74,0.478,1.5595
25.34,-270.29,0.32521,1.3073
25.36,-272.76,0.17565,1.0536
25.38,-272.84,0.033556,0.64088
25.4,-271.61,-0.10821,0.14002
25.42,-269.49,-0.26457,-0.27019
25.44,-264.59,-0.3752,-0.56618
25.46,-259.08,-0.50374,-0.89135
25.48,-251.08,-0.62051,-1.2921
25.5,-241.67,-0.75251,-1.6891
25.52,-231.38,-0.83724,-2.1855
25.54,-218.99,-0.95184,-2.4647
25.56,-205.83,-1.0471,-2.7798
25.58,-191.57,-1.1541,-3.0724
25.6,-176.67,-1.2455,-3.3443
25.62,-160.35,-1.3365,-3.6608
25.64,-144.71,-1.4275,-3.923
25.66,-128.64,-1.5081,-4.0064
25.68,-112.95,-1.5947,-4.11
25.7,-98.17,-1.6676,-4.3809
25.72,-84.304,-1.7604,-4.7344
25.74,-70.703,-1.8495,-5.0206
25.76,-58.404,-1.9247,-5.1848
25.78,-48.127,-2.002,-5.2503
25.8,-39.483,-2.045,-5.2962
25.82,-32.656,-2.0664,-5.4159
25.84,-27.588,-2.115,-5.567
25.86,-25.898,-2.1505,-5.6394
25.88,-24.808,-2.1753,-5.5856
25.9,-21.465,-2.1954,-5.4828
25.92,-14.765,-2.192,-5.3294
25.94,-5.246,-2.2204,-5.2131
25.96,7.68,-2.2103,-5.0662
25.98,23.035,-2.2174,-4.8943
26,40.006,-2.1938,-4.7101
26.02,58.816,-2.1748,-4.53
26.04,78.265,-2.1423,-4.3325
26.06,97.388,-2.1024,-4.1372
26.08,118.06,-2.0742,-3.8849
26.1,137,-2.0189,-3.619
26.12,155.4,-1.9638,-3.3409
26.14,171.39,-1.8915,-3.0766
26.16,186.81,-1.8274,-2.7378
26.18,199.56,-1.7321,-2.3388
26.2,209.92,-1.6078,-1.9627
26.22,217.68,-1.5069,-1.6371
26.24,223.16,-1.4012,-1.2555
26.26,225.84,-1.3014,-0.88628
26.28,226.6,-1.2197,-0.49521
26.3,224.67,-1.0961,-0.13881
26.32,220.73,-0.97033,0.20971
26.34,216.05,-0.83985,0.68607
26.36,209.65,-0.72692,1.0891
26.38,201.18,-0.56501,1.398
26.4,192.35,-0.41323,1.7191
26.42,182.18,-0.27044,2.0417
26.44,170.65,-0.072832,2.3205
26.46,157.93,0.085943,2.621
26.48,144.93,0.27706,2.9352
26.5,130.38,0.45346,3.2093
26.52,116.38,0.63362,3.5127
26.54,101.64,0.8243,3.7561
26.56,86.909,0.98749,3.9807
26.58,72.823,1.1475,4.1613
26.6,58.014,1.3262,4.3588
26.62,44.286,1.4938,4.5418
26.64,31.428,1.6679,4.7114
26.66,19.026,1.8062,4.9059
26.68,7.714,1.9235,5.0678
26.7,-2.2893,2.0137,5.1958
26.72,-10.763,2.0932,5.3008
26.74,-17.346,2.1717,5.4224
26.76,-21.668,2.2292,5.4964
26.78,-24.647,2.2755,5.5188
26.8,-25.864,2.3342,5.5283
26.82,-26.498,2.3517,5.4748
26.84,-30.774,2.3709,5.4283
26.86,-37.478,2.3877,5.3471
26.88,-45.299,2.3568,5.26
26.9,-55.613,2.3348,5.1331
26.92,-67.774,2.2778,4.9481
26.94,-80.703,2.2281,4.7904
26.96,-95.186,2.1812,4.6164
26.98,-110.03,2.0871,4.4007
27,-124.94,2.022,4.211
27.02,-139.48,1.9367,3.9712
27.04,-153.91,1.8746,3.729
27.06,-167.23,1.8075,3.4645
27.08,-179.71,1.7193,3.1816
27.1,-190.64,1.5941,2.8818
27.12,-199.97,1.4334,2.5638
27.14,-207.25,1.2683,2.2851
27.16,-212.98,1.1125,1.9413
27.18,-217.32,0.94056,1.5945
27.2,-219.57,0.76754,1.3254
27.22,-220.28,0.59857,1.0162
27.24,-220.45,0.43857,0.67818
27.26,-219.05,0.29997,0.36009
27.28,-216.32,0.15747,0.020372
27.3,-211.75,-0.037395,-0.32359
27.32,-206.15,-0.16139,-0.57607
27.34,-199.26,-0.30753,-0.97071
27.36,-191.25,-0.43536,-1.3934
27.38,-182.45,-0.56937,-1.7608
27.4,-173.77,-0.67758,-2.1089
27.42,-163.82,-0.791,-2.3857
27.44,-153.28,-0.91335,-2.6274
27.46,-142.43,-1.0065,-2.8281
27.48,-131.27,-1.0862,-3.1477
27.5,-120.29,-1.2047,-3.3892
27.52,-109.22,-1.2993,-3.5313
27.54,-98.583,-1.4119,-3.6835
27.56,-87.934,-1.4791,-3.864
27.58,-78.074,-1.5304,-4.0593
27.6,-67.91,-1.6046,-4.236
27.62,-58.832,-1.6653,-4.3374
27.64,-50.258,-1.7034,-4.4997
27.66,-42.673,-1.762,-4.6718
27.68,-36.559,-1.8319,-4.8217
27.7,-31.859,-1.8889,-4.9066
27.72,-27.629,-1.9463,-4.9216
27.74,-25.975,-1.9829,-4.9744
27.76,-25.667,-2.0298,-5.0146
27.78,-24.267,-2.019,-4.964
27.8,-20.903,-2.053,-4.9325
27.82,-15.847,-2.0632,-4.8165
27.84,-8.6322,-2.0496,-4.6619
27.86,0.2689,-2.0514,-4.5087
27.88,10.921,-2.0224,-4.3795
27.9,23.803,-2.0066,-4.2526
27.92,37.3,-1.9643,-4.1216
27.94,51.412,-1.9144,-3.9701
27.96,66.379,-1.8802,-3.7978
27.98,82.139,-1.8141,-3.5509
28,97.327,-1.7532,-3.3145
28.02,110.73,-1.7023,-3.013
28.04,123.22,-1.6256,-2.7023
28.06,134.94,-1.5603,-2.4067
28.08,145.21,-1.4942,-2.0804
28.1,153.75,-1.401,-1.7826
28.12,160.81,-1.3077,-1.4639
28.14,166.39,-1.2368,-1.145
28.16,170.15,-1.1672,-0.86872
28.18,172.3,-1.0719,-0.49617
28.2,173.14,-1.0109,-0.16679
28.22,172.7,-0.89199,0.11564
28.24,170.39,-0.82543,0.45383
28.26,166.47,-0.72302,0.77685
28.28,161.7,-0.61552,1.0731
28.3,155.68,-0.49796,1.4042
28.32,148.9,-0.37174,1.7175
28.34,141.23,-0.247,2.0693
28.36,133.05,-0.13662,2.3732
28.38,124.23,0.013956,2.6526
28.4,114.74,0.15112,2.9272
28.42,104.85,0.29229,3.1951
28.44,94.49,0.4129,3.4473
28.46,83.845,0.54624,3.6423
28.48,72.785,0.6914,3.8175
28.5,61.027,0.80628,3.9819
28.52,50.313,0.93795,4.2066
28.54,38.53,1.0565,4.3655
28.56,27.896,1.1867,4.5044
28.58,17.918,1.3273,4.6771
28.6,7.7612,1.4787,4.8921
28.62,-1.1988,1.5982,5.0516
28.64,-8.4358,1.7033,5.1427
28.66,-14.936,1.8088,5.2455
28.68,-20.274,1.8583,5.336
28.7,-23.762,1.8874,5.3536
28.72,-25.56,1.9444,5.3788
28.74,-25.987,1.9617,5.3628
28.76,-27.816,1.9872,5.3009
28.78,-32.058,1.9876,5.2497
28.8,-38.954,1.9878,5.1591
28.82,-47.506,1.9983,5.0821
28.84,-57.47,1.962,4.9604
28.86,-69.904,1.9455,4.8037
28.88,-83.912,1.9169,4.6541
28.9,-98.114,1.8886,4.4692
28.92,-113.45,1.8317,4.2965
28.94,-129.92,1.8151,4.0882
28.96,-145.57,1.7937,3.8538
28.98,-161.24,1.78,3.5592
29,-176.13,1.7498,3.2398
29.02,-189.54,1.6796,2.9885
29.04,-202.41,1.5594,2.6872
29.06,-213.87,1.4351,2.3484
29.08,-222.75,1.3046,2.0127
29.1,-230.51,1.2138,1.6625
29.12,-236.28,1.0964,1.3624
29.14,-240.35,0.99765,1.115
29.16,-241.66,0.82964,0.74654
29.18,-242.02,0.7039,0.42962
29.2,-241.12,0.57273,0.065523
29.22,-237.44,0.45855,-0.33108
29.24,-233.02,0.31767,-0.67568
29.26,-226.76,0.2031,-0.93627
29.28,-219.93,0.042732,-1.3163
29.3,-211.76,-0.090166,-1.7646
29.32,-202.04,-0.21583,-2.1626
29.34,-191.64,-0.34247,-2.5205
29.36,-181.16,-0.46824,-2.8555
29.38,-169.74,-0.59909,-3.1255
29.4,-156.69,-0.75663,-3.3318
29.42,-144.78,-0.86999,-3.5496
29.44,-131.13,-1.001,-3.8131
29.46,-117.63,-1.0983,-4.0506
29.48,-105.03,-1.2292,-4.2907
29.5,-92.337,-1.3653,-4.4275
29.52,-79.849,-1.4619,-4.5015
29.54,-68.255,-1.6044,-4.6547
29.56,-57.728,-1.6981,-4.9018
29.58,-48.55,-1.8431,-5.1908
29.6,-40.438,-1.9526,-5.3582
29.62,-33.226,-2.0456,-5.4294
29.64,-29.131,-2.1293,-5.4319
29.66,-26.849,-2.2222,-5.4085
29.68,-25.472,-2.2918,-5.3912
29.7,-23.555,-2.3455,-5.3342
29.72,-18.726,-2.3814,-5.248
29.74,-11.523,-2.4025,-5.1529
29.76,-0.71803,-2.4196,-5.0376
29.78,12.114,-2.4039,-4.8744
29.8,27.413,-2.3846,-4.7532
29.82,43.955,-2.3578,-4.6469
29.84,62.007,-2.3537,-4.5007
29.86,80.701,-2.3059,-4.2915
29.88,100.34,-2.2653,-4.0241
29.9,118.03,-2.1868,-3.7292
29.92,135.11,-2.1066,-3.4332
29.94,151.76,-2.0479,-3.1299
29.96,166.31,-1.9437,-2.7785
29.98,179.34,-1.8287,-2.436
30,190.03,-1.7302,-2.0608
30.02,198.94,-1.5997,-1.7406
30.04,205.77,-1.498,-1.4036
30.06,210.14,-1.3795,-1.0906
30.08,212.5,-1.236,-0.75959
30.1,212.86,-1.1203,-0.37897
30.12,210.87,-0.99068,-0.039655
30.14,207.13,-0.86047,0.38374
30.16,202.14,-0.73943,0.77393
30.18,195.86,-0.61393,1.0779
30.2,188.02,-0.46753,1.3906
30.22,178.96,-0.29874,1.7211
30.24,168.49,-0.15275,2.0873
30.26,157.62,-0.013649,2.3996
30.28,145.52,0.14447,2.6599
30.3,133.22,0.30392,2.9116
30.32,120.26,0.4257,3.1997
30.34,106.61,0.55282,3.497
30.36,92.16,0.70119,3.7837
30.38,78.115,0.8459,4.0374
30.4,64.006,1.0009,4.211
30.42,50.328,1.1167,4.3425
30.44,37.478,1.2514,4.4686
30.46,24.638,1.3858,4.6156
30.48,13.324,1.5139,4.8452
30.5,2.9058,1.5921,4.9905
30.52,-6.1852,1.6991,5.0822
30.54,-13.746,1.7646,5.1893
30.56,-19.39,1.8143,5.2587
30.58,-23.349,1.8844,5.3574
30.6,-25.595,1.9338,5.3976
30.62,-26.033,1.9491,5.3792
30.64,-28.19,1.9634,5.3306
30.66,-32.505,1.9807,5.2499
30.68,-38.663,1.9841,5.163
30.7,-47.429,2.0226,5.075
30.72,-58.502,2.0175,4.9748
30.74,-70.451,2.0247,4.8335
30.76,-83.917,2.0245,4.6657
30.78,-98.066,2.0102,4.4985
30.8,-112.78,2.022,4.3377
30.82,-127.92,2.0265,4.1151
30.84,-143.29,1.9951,3.8342
30.86,-157.65,1.9646,3.5838
30.88,-170.93,1.9471,3.305
30.9,-183.11,1.8894,3.0322
30.92,-194.34,1.829,2.7302
30.94,-203.4,1.7606,2.3919
30.96,-211.75,1.6879,2.0716
30.98,-217.83,1.6389,1.7337
31,-222.22,1.5349,1.4504
31.02,-224.97,1.4223,1.1311
31.04,-226.18,1.3164,0.83225
31.06,-226.29,1.1873,0.41066
31.08,-224.13,1.0506,0.038532
31.1,-220.52,0.90134,-0.17215
31.12,-215.42,0.77819,-0.49926
31.14,-209.88,0.63946,-0.93575
31.16,-202.66,0.47287,-1.2817
31.18,-194.63,0.3303,-1.6374
31.2,-185.75,0.15081,-1.9407
31.22,-176.37,-0.016874,-2.1865
31.24,-166.46,-0.18761,-2.497
31.26,-155.84,-0.36844,-2.8254
31.28,-144.85,-0.53545,-3.0999
31.3,-133.39,-0.71244,-3.3099
31.32,-122.35,-0.86248,-3.5323
31.34,-111.09,-1.0199,-3.7202
31.36,-99.426,-1.1797,-3.8917
31.38,-87.681,-1.3405,-4.0673
31.4,-77.212,-1.5155,-4.2626
31.42,-67.092,-1.7195,-4.4991
31.44,-57.895,-1.8931,-4.6893
31.46,-49.294,-2.0362,-4.832
31.48,-41.93,-2.2152,-4.928
31.5,-35.306,-2.3494,-5.0358
31.52,-30.506,-2.4887,-5.1146
31.54,-27.462,-2.6213,-5.1781
31.56,-25.891,-2.7225,-5.1636
31.58,-25.52,-2.8041,-5.1178
31.6,-23.283,-2.8946,-5.0583
31.62,-18.401,-2.9426,-4.9667
31.64,-11.759,-2.9828,-4.8418
31.66,-2.5071,-3.005,-4.74
31.68,8.2537,-3.007,-4.6221
31.7,21.212,-3.0113,-4.4776
31.72,35.658,-2.9559,-4.3438
31.74,51.237,-2.8839,-4.1717
31.76,67.682,-2.8083,-3.9997
31.78,84.359,-2.6885,-3.8212
31.8,101.69,-2.6,-3.5849
31.82,117.63,-2.4698,-3.324
31.84,133.43,-2.3056,-2.9954
31.86,147.5,-2.1693,-2.6772
31.88,160.33,-2.0279,-2.3448
31.9,170.61,-1.8313,-1.9885
31.92,179.29,-1.668,-1.6555
31.94,186.09,-1.459,-1.2843
31.96,190.61,-1.2914,-0.91419
31.98,193.04,-1.1133,-0.55894
32,193.69,-0.94309,-0.20839
32.02,192.18,-0.76063,0.10831
32.04,189.31,-0.58736,0.4326
32.06,184.99,-0.3794,0.78102
32.08,179.7,-0.21876,1.0322
32.1,173.51,-0.037395,1.3087
32.12,166.28,0.18006,1.6448
32.14,157.74,0.34669,2.017
32.16,148.65,0.51247,2.3703
32.18,138.29,0.71229,2.6341
32.2,127.93,0.886,2.8808
32.22,117.08,1.0267,3.1593
32.24,105.35,1.1571,3.4326
32.26,93.252,1.3148,3.7223
32.28,80.818,1.4139,3.9877
32.3,68.31,1.5203,4.1859
32.32,54.917,1.6329,4.3424
32.34,42.824,1.7033,4.4806
32.36,30.639,1.7738,4.6225
32.38,19.319,1.8069,4.8407
32.4,8.4263,1.8689,5.0026
32.42,-1.0115,1.8775,5.1077
32.44,-9.5796,1.9262,5.2317
32.46,-16.434,1.9439,5.3387
32.48,-21.314,1.9542,5.4334
32.5,-24.833,1.9542,5.466
32.52,-25.686,1.9511,5.4578
32.54,-26.674,1.9296,5.4415
32.56,-29.964,1.9121,5.3641
32.58,-36.179,1.9064,5.2889
32.6,-43.889,1.9174,5.2068
32.62,-54.42,1.8969,5.0928
32.64,-66.985,1.8818,4.9794
32.66,-80.931,1.8667,4.8162
32.68,-95.963,1.8423,4.631
32.7,-112.14,1.8229,4.4482
32.72,-128.43,1.7894,4.2548
32.74,-144.75,1.7618,4.0073
32.76,-161.17,1.7016,3.7177
32.78,-176.88,1.6764,3.4436
32.8,-190.54,1.5898,3.187
32.82,-203.81,1.5156,2.9125
32.84,-214.85,1.4288,2.6064
32.86,-224.02,1.3595,2.2608
32.88,-231.44,1.268,1.8524
32.9,-237.18,1.1648,1.5353
32.92,-239.95,1.0757,1.2264
32.94,-240.99,0.9653,0.98373
32.96,-241.07,0.84857,0.69828
32.98,-239.74,0.75068,0.17957
33,-235.4,0.62264,-0.23955
33.02,-230.03,0.53171,-0.66456
33.04,-224.11,0.41478,-1.0309
33.06,-217.4,0.3005,-1.28
33.08,-208.6,0.16714,-1.4839
33.1,-198.58,0.049758,-1.8197
33.12,-189.35,-0.1043,-2.2685
33.14,-177.69,-0.27346,-2.7425
33.16,-166.04,-0.41687,-3.0672
33.18,-153.63,-0.57045,-3.046
33.2,-141.59,-0.73594,-3.072
33.22,-127.76,-0.88633,-3.4082
33.24,-115,-0.98849,-3.8328
33.26,-102.09,-1.12,-4.0686
33.28,-89.704,-1.2546,-4.1727
33.3,-77.733,-1.44,-4.2765
33.32,-66.73,-1.6237,-4.4853
33.34,-57.038,-1.7878,-4.7686
33.36,-47.788,-1.9535,-4.9854
33.38,-39.913,-2.1163,-5.0437
33.4,-33.654,-2.2705,-5.1174
33.42,-29.489,-2.4049,-5.2052
33.44,-26.743,-2.5339,-5.2367
33.46,-25.588,-2.6221,-5.232
33.48,-24.676,-2.7026,-5.172
33.5,-20.719,-2.7466,-5.1103
33.52,-14.406,-2.811,-5.0076
33.54,-5.2846,-2.8287,-4.8228
33.56,5.7031,-2.8133,-4.6334
33.58,19.003,-2.8246,-4.4911
33.6,32.916,-2.7697,-4.4071
33.62,48.753,-2.726,-4.2723
33.64,65.316,-2.6381,-4.0623
33.66,81.575,-2.5388,-3.8388
33.68,98.184,-2.425,-3.6186
33.7,114.12,-2.2852,-3.396
33.72,128.85,-2.1325,-3.1603
33.74,142.59,-2.0036,-2.8532
33.76,154.59,-1.8463,-2.5548
33.78,165.43,-1.6432,-2.1622
33.8,173.98,-1.4618,-1.7861
33.82,180.76,-1.297,-1.4328
33.84,185.47,-1.1273,-1.0538
33.86,188.59,-0.97089,-0.71879
33.88,189.82,-0.81898,-0.39151
33.9,189.28,-0.65462,-0.060925
33.92,186.4,-0.50506,0.23278
33.94,182.13,-0.33527,0.61466
33.96,177.31,-0.20095,0.95066
33.98,171.17,-0.057417,1.1885
34,163.75,0.091645,1.4755
34.02,155.23,0.23376,1.8003
34.04,146.8,0.34456,2.1606
34.06,137.23,0.47748,2.4968
34.08,126.57,0.59047,2.787
34.1,115.55,0.70891,3.0631
34.12,104.15,0.81037,3.3429
34.14,91.982,0.93689,3.5824
34.16,79.848,1.0239,3.7791
34.18,67.759,1.099,3.9754
34.2,55.518,1.1809,4.1028
34.22,43.328,1.2571,4.2757
34.24,31.835,1.2947,4.4337
34.26,20.856,1.3426,4.5944
34.28,10.497,1.4081,4.8032
34.3,0.9827,1.4424,4.9467
34.32,-6.866,1.505,5.0744
34.34,-13.768,1.5425,5.2302
34.36,-19.367,1.6058,5.3471
34.38,-23.461,1.6248,5.4441
34.4,-25.397,1.6276,5.4484
34.42,-26.447,1.6295,5.3912
34.44,-27.395,1.6369,5.3307
34.46,-31.71,1.6762,5.2314
34.48,-37.351,1.6931,5.1588
34.5,-44.726,1.7111,5.0587
34.52,-54.674,1.723,4.971
34.54,-66.049,1.7286,4.8443
34.56,-78.787,1.75,4.6567
34.58,-92.814,1.7311,4.4566
34.6,-106.83,1.7453,4.3194
34.62,-121.91,1.7377,4.108
34.64,-136.34,1.7073,3.8713
34.66,-150.39,1.7125,3.5805
34.68,-164.15,1.7356,3.3312
34.7,-176.51,1.7569,3.0666
34.72,-187.46,1.7369,2.7865
34.74,-197.82,1.716,2.5141
34.76,-205.94,1.6616,2.2011
34.78,-213.09,1.609,1.8715
34.8,-218.51,1.5532,1.5162
34.82,-222.36,1.4806,1.2099
34.84,-224.14,1.4044,0.92342
34.86,-225.13,1.3328,0.5507
34.88,-224.53,1.2322,0.27962
34.9,-222.46,1.1145,-0.06582
34.92,-219,1.0199,-0.51805
34.94,-213.72,0.85346,-0.94124
34.96,-207.28,0.73609,-1.3047
34.98,-199.97,0.58183,-1.4396
35,-192.48,0.40845,-1.6367
35.02,-183.24,0.21082,-2.0525
35.04,-174.03,0.027816,-2.5344
35.06,-163.18,-0.17669,-2.8575
35.08,-152.87,-0.38259,-3.0634
35.1,-141.76,-0.58363,-3.1459
35.12,-130.33,-0.76877,-3.3613
35.14,-119.05,-0.91863,-3.6717
35.16,-107.24,-1.114,-3.9359
35.18,-95.975,-1.3196,-4.1794
35.2,-84.861,-1.5562,-4.3703
35.22,-74.39,-1.7955,-4.5267
35.24,-64.008,-1.986,-4.7091
35.26,-54.435,-2.1449,-4.8411
35.28,-46.238,-2.3367,-4.9179
35.3,-39.518,-2.5018,-5.022
35.32,-33.912,-2.6319,-5.1153
35.34,-29.379,-2.71,-5.2128
35.36,-26.302,-2.7648,-5.2626
35.38,-25.873,-2.8481,-5.2548
35.4,-24.621,-2.8745,-5.2076
35.42,-20.586,-2.9325,-5.1672
35.44,-13.601,-2.9196,-5.0768
35.46,-4.351,-2.8899,-4.9383
35.48,6.4829,-2.8402,-4.8271
35.5,20.146,-2.78,-4.6803
35.52,35.305,-2.6932,-4.5148
35.54,52.421,-2.5871,-4.3007
35.56,69.487,-2.4889,-4.1156
35.58,86.798,-2.3539,-3.945
35.6,103.98,-2.2106,-3.7228
35.62,121.53,-2.0761,-3.4148
35.64,137.06,-1.9161,-3.1059
35.66,151.36,-1.794,-2.7808
35.68,164.69,-1.622,-2.3895
35.7,176.53,-1.4369,-2.0211
35.72,185.53,-1.286,-1.676
35.74,192.99,-1.1316,-1.3415
35.76,199.16,-0.981,-1.0797
35.78,202.66,-0.87108,-0.81589
35.8,203.68,-0.67432,-0.46699
35.82,203.19,-0.56121,-0.13072
35.84,200.77,-0.40962,0.2194
35.86,196.35,-0.23429,0.61138
35.88,191.15,-0.095349,1.0001
35.9,184.58,0.047838,1.3822
35.92,176.14,0.17845,1.7617
35.94,166.19,0.30501,2.1411
35.96,156.03,0.42974,2.4156
35.98,144.96,0.55659,2.6545
36,132.3,0.69154,2.9082
36.02,120.3,0.79917,3.1412
36.04,107.64,0.91666,3.3903
36.06,94.485,1.0211,3.625
36.08,80.628,1.1245,3.8519
36.1,67.08,1.2234,4.1205
36.12,53.792,1.3063,4.3462
36.14,40.567,1.3842,4.4882
36.16,28.129,1.4588,4.6456
36.18,16.559,1.5299,4.8097
36.2,5.5483,1.6251,4.95
36.22,-3.6072,1.6801,5.0684
36.24,-11.657,1.752,5.1906
36.26,-18.366,1.767,5.318
36.28,-22.928,1.7919,5.3942
36.3,-25.508,1.8038,5.4217
36.32,-26.355,1.8401,5.43
36.34,-27.331,1.8777,5.4031
36.36,-30.656,1.9122,5.3704
36.38,-36.755,1.938,5.282
36.4,-44.925,1.938,5.1522
36.42,-54.029,1.9584,5.0363
36.44,-65.422,1.944,4.8891
36.46,-78.133,1.9502,4.7317
36.48,-91.786,1.9766,4.5636
36.5,-106.22,1.9479,4.3613
36.52,-120.95,1.9137,4.1804
36.54,-135.57,1.907,3.9661
36.56,-150.12,1.8783,3.7307
36.58,-163.91,1.8621,3.4794
36.6,-176.99,1.8211,3.2093
36.62,-188.73,1.7743,2.8986
36.64,-198.58,1.7372,2.5618
36.66,-207.99,1.6266,2.1911
36.68,-214.41,1.5349,1.8586
36.7,-220.44,1.43,1.5187
36.72,-224.44,1.2996,1.2041
36.74,-226.46,1.1682,0.9167
36.76,-227.69,1.0361,0.63891
36.78,-226.37,0.86575,0.3351
36.8,-223.67,0.70465,0.056923
36.82,-219.21,0.5544,-0.30248
36.84,-214.35,0.37562,-0.65283
36.86,-207.57,0.22566,-0.99434
36.88,-201.9,0.035418,-1.3832
36.9,-193.96,-0.1439,-1.7789
36.92,-185.62,-0.32513,-2.0145
36.94,-176.75,-0.51366,-2.3485
36.96,-166.9,-0.6777,-2.7288
36.98,-155.59,-0.83501,-3.0804
37,-145.15,-0.96636,-3.3085
37.02,-133.3,-1.1364,-3.5015
37.04,-122.28,-1.2605,-3.6729
37.06,-111.15,-1.4222,-3.8653
37.08,-99.803,-1.5777,-4.0955
37.1,-88.236,-1.7308,-4.2193
37.12,-77.548,-1.8938,-4.4136
37.14,-67.315,-2.0152,-4.6052
37.16,-57.048,-2.1365,-4.7628
37.18,-48.791,-2.2248,-4.9259
37.2,-41.575,-2.3183,-5.0396
37.22,-34.96,-2.4249,-5.1707
37.24,-29.723,-2.4594,-5.2468
37.26,-27.8,-2.5168,-5.2873
37.28,-26.287,-2.5356,-5.3117
37.3,-24.815,-2.5377,-5.2906
37.32,-22.12,-2.5373,-5.2027
37.34,-15.559,-2.5249,-5.1069
37.36,-7.2777,-2.4982,-4.9525
37.38,3.4668,-2.4764,-4.828
37.4,16.653,-2.447,-4.7186
37.42,31.009,-2.4066,-4.609
37.44,47.129,-2.3525,-4.442
37.46,64.002,-2.2948,-4.2471
37.48,81.148,-2.2583,-4.0261
37.5,97.989,-2.1551,-3.772
37.52,115.83,-2.0612,-3.4756
37.54,132.37,-1.9674,-3.1999
37.56,148,-1.8695,-2.8363
37.58,162.45,-1.7842,-2.52
37.6,175.92,-1.6297,-2.1389
37.62,187.07,-1.5237,-1.8236
37.64,195.34,-1.3915,-1.5292
37.66,202.21,-1.284,-1.1545
37.68,206.17,-1.1375,-0.85336
37.7,208.71,-1.0275,-0.50544
37.72,208.99,-0.90439,-0.11548
37.74,207.32,-0.79434,0.20621
37.76,203.61,-0.65917,0.55728
37.78,198.76,-0.5233,0.9402
37.8,192.88,-0.37965,1.2648
37.82,185.01,-0.24764,1.5794
37.84,176.43,-0.11589,1.9362
37.86,166.68,0.043557,2.2951
37.88,155.82,0.21118,2.6058
37.9,144.45,0.34337,2.8921
37.92,132.04,0.49644,3.1794
37.94,119.05,0.63247,3.4747
37.96,105.15,0.78975,3.745
37.98,91.169,0.92564,4.001
38,77.34,1.0556,4.1839
38.02,63.522,1.1672,4.3642
38.04,49.512,1.2882,4.5221
38.06,35.991,1.3973,4.6965
38.08,23.405,1.4876,4.9022
38.1,11.965,1.5839,5.053
38.12,1.4619,1.6552,5.1995
38.14,-8.0291,1.7174,5.3271
38.16,-15.165,1.7563,5.4548
38.18,-20.789,1.7912,5.5155
38.2,-24.812,1.8104,5.5239
38.22,-26.131,1.8086,5.5377
38.24,-26.736,1.8254,5.5338
38.26,-29.812,1.847,5.499
38.28,-34.815,1.8798,5.4396
38.3,-42.1,1.9013,5.3344
38.32,-51.75,1.8583,5.2294
38.34,-63.477,1.8499,5.1255
38.36,-76.315,1.8632,4.9852
38.38,-90.584,1.8602,4.837
38.4,-106.02,1.8208,4.6505
38.42,-121.5,1.7654,4.4824
38.44,-137.26,1.7529,4.2865
38.46,-152.41,1.764,3.9886
38.48,-167.3,1.7266,3.6892
38.5,-180.95,1.7159,3.402
38.52,-193.39,1.6633,3.0909
38.54,-203.86,1.6035,2.7534
38.56,-213.39,1.5343,2.3701
38.58,-220.64,1.4533,1.9963
38.6,-226.41,1.3997,1.6751
38.62,-230.77,1.3213,1.4157
38.64,-232.91,1.2222,1.1932
38.66,-232.94,1.1384,0.94632
38.68,-232.33,1.0274,0.62169
38.7,-229.53,0.92013,0.16559
38.72,-225.68,0.81993,-0.25592
38.74,-221.32,0.77343,-0.63905
38.76,-215.13,0.64355,-0.83768
38.78,-208.05,0.51944,-1.0619
38.8,-200,0.28326,-1.4932
38.82,-191.09,0.049201,-2.0036
38.84,-181.59,-0.18168,-2.4323
38.86,-170.78,-0.37339,-2.7028
38.88,-159.56,-0.56254,-2.7425
38.9,-147.71,-0.77666,-2.9024
38.92,-136.48,-0.92572,-3.253
38.94,-123.85,-1.0782,-3.6254
38.96,-112.15,-1.238,-3.9132
38.98,-100.4,-1.4275,-4.022
39,-87.953,-1.6169,-4.0881
39.02,-76.795,-1.786,-4.1617
39.04,-66.364,-1.9409,-4.3966
39.06,-56.672,-2.0413,-4.688
39.08,-47.989,-2.1695,-4.8914
39.1,-40.704,-2.2922,-4.9996
39.12,-34.418,-2.3702,-5.013
39.14,-30.215,-2.4446,-5.068
39.16,-27.452,-2.542,-5.154
39.18,-26.034,-2.6247,-5.169
39.2,-25.396,-2.6464,-5.1459
39.22,-22.148,-2.6994,-5.0379
39.24,-16.662,-2.7253,-4.9466
39.26,-8.3901,-2.775,-4.8297
39.28,1.9041,-2.7648,-4.6708
39.3,13.547,-2.7501,-4.5431
39.32,27.668,-2.6954,-4.4219
39.34,42.522,-2.6758,-4.3082
39.36,58.235,-2.5935,-4.165
39.38,74.973,-2.5311,-3.9407
39.4,91.797,-2.4497,-3.6739
39.42,107.42,-2.355,-3.4288
39.44,122.94,-2.2473,-3.1553
39.46,137.74,-2.1218,-2.831
39.48,150.86,-1.9838,-2.4554
39.5,162.69,-1.8391,-2.077
39.52,172.45,-1.6687,-1.7759
39.54,180.48,-1.4819,-1.4694
39.56,185.72,-1.3061,-1.1176
39.58,190.06,-1.109,-0.80358
39.6,191.99,-0.95244,-0.44449
39.62,192.54,-0.75579,-0.13489
39.64,190.59,-0.57889,0.14006
39.66,187.4,-0.37489,0.52659
39.68,183.73,-0.17755,0.9009
39.7,177.29,0.019926,1.1697
39.72,168.93,0.20162,1.4555
39.74,160.62,0.37397,1.7821
39.76,151.54,0.51101,2.1598
39.78,141.31,0.66917,2.4387
39.8,129.58,0.83108,2.7002
39.82,117.67,0.99022,3.0136
39.84,105.8,1.1165,3.3021
39.86,92.915,1.239,3.5973
39.88,79.79,1.3414,3.8086
39.9,67.004,1.4311,4.0128
39.92,54.013,1.5319,4.2473
39.94,40.608,1.6078,4.3717
39.96,28.533,1.6677,4.5156
39.98,16.703,1.7288,4.6263
40,6.125,1.7455,4.7875
40.02,-3.1884,1.7733,4.9386
40.04,-11.56,1.7966,5.0443
40.06,-18.25,1.8075,5.1189
40.08,-22.969,1.822,5.2048
40.1,-25.626,1.7992,5.2525
40.12,-26.544,1.8107,5.2447
40.14,-28.087,1.8013,5.1836
40.16,-32.235,1.8026,5.1126
40.18,-38.702,1.8168,4.9964
40.2,-47.746,1.8344,4.9011
40.22,-58.432,1.855,4.8232
40.24,-71.047,1.8304,4.6932
40.26,-84.705,1.8848,4.5581
40.28,-99.596,1.8614,4.3729
40.3,-115.76,1.9093,4.1738
40.32,-131.75,1.9092,3.9802
40.34,-147.19,1.9475,3.7321
40.36,-162.85,2.0056,3.4639
40.38,-177.57,2.0353,3.1726
40.4,-190.92,2.0137,2.857
40.42,-202.54,2.0253,2.5749
40.44,-212.73,1.9916,2.2134
40.46,-221.51,1.9607,1.8453
40.48,-228.33,1.9422,1.512
40.5,-232.92,1.8886,1.2364
40.52,-236.09,1.8394,0.98554
40.54,-237.25,1.8064,0.69753
40.56,-235.21,1.7306,0.24682
40.58,-232.42,1.5965,-0.17622
40.6,-227.97,1.4455,-0.50742
40.62,-222.2,1.2948,-0.81431
40.64,-215.34,1.1144,-1.1074
40.66,-206.58,0.90813,-1.423
40.68,-198.08,0.72538,-1.7785
40.7,-188.54,0.52161,-2.2219
40.72,-177.95,0.33197,-2.5813
40.74,-166.73,0.13764,-2.7392
40.76,-155.92,-0.073523,-2.8905
40.78,-144.87,-0.26301,-3.177
40.8,-133.13,-0.48898,-3.5101
40.82,-121,-0.68394,-3.8391
40.84,-108.8,-0.86074,-4.0704
40.86,-98.368,-1.0263,-4.1457
40.88,-87.174,-1.1857,-4.2775
40.9,-76.029,-1.3399,-4.5227
40.92,-66.814,-1.5307,-4.7577
40.94,-57.703,-1.6718,-4.9251
40.96,-49.048,-1.822,-5.0373
40.98,-41.567,-1.9764,-5.1482
41,-35.358,-2.0566,-5.2551
41.02,-30.966,-2.1582,-5.3362
41.04,-27.887,-2.2793,-5.3616
41.06,-26.116,-2.3365,-5.3533
41.08,-25.721,-2.4152,-5.3329
41.1,-23.887,-2.4591,-5.2605
41.12,-19.45,-2.5098,-5.1742
41.14,-11.973,-2.5327,-5.0745
41.16,-3.3981,-2.5437,-4.9761
41.18,7.2089,-2.4955,-4.8676
41.2,20.058,-2.472,-4.6979
41.22,34.49,-2.408,-4.5494
41.24,49.603,-2.3494,-4.4119
41.26,65.277,-2.2961,-4.2649
41.28,81.476,-2.1877,-4.091
41.3,98.064,-2.128,-3.822
41.32,113.94,-2.0106,-3.5182
41.34,129.25,-1.8907,-3.2463
41.36,143.22,-1.7486,-2.9418
41.38,156.82,-1.6014,-2.5891
41.4,167.86,-1.435,-2.1917
41.42,177.22,-1.282,-1.8448
41.44,184.83,-1.1421,-1.507
41.46,190.73,-0.98561,-1.1613
41.48,195.33,-0.85344,-0.84482
41.5,196.75,-0.73402,-0.47718
41.52,196.24,-0.56121,-0.1753
41.54,194.8,-0.44588,0.14457
41.56,191.74,-0.30525,0.51751
41.58,186.87,-0.16321,0.8542
41.6,180.79,-0.029927,1.1461
41.62,174.33,0.097615,1.4466
41.64,166.27,0.22376,1.7444
41.66,157.38,0.377,2.1197
41.68,147.35,0.50381,2.4363
41.7,136.37,0.63804,2.7245
41.72,125.17,0.75341,3.0259
41.74,112.93,0.89345,3.2808
41.76,99.753,1.0138,3.5532
41.78,87.326,1.1228,3.7862
41.8,73.643,1.2149,3.9981
41.82,60.465,1.3407,4.2402
41.84,47.672,1.4561,4.4014
41.86,35.011,1.5622,4.5379
41.88,22.268,1.6247,4.6901
41.9,11.151,1.7232,4.8946
41.92,0.90299,1.7584,5.0652
41.94,-8.286,1.8022,5.1597
41.96,-15.954,1.8609,5.2692
41.98,-21.042,1.836,5.3772
42,-24.719,1.872,5.3976
42.02,-26.532,1.9035,5.4042
42.04,-26.697,1.9269,5.3725
42.06,-29.952,1.9603,5.3034
42.08,-35.367,1.957,5.2217
42.1,-43.038,1.938,5.1204
42.12,-52.373,1.9251,5.0231
42.14,-63.866,1.9408,4.9042
42.16,-76.837,1.9086,4.7665
42.18,-90.397,1.87,4.628
42.2,-105.38,1.8911,4.4308
42.22,-120.42,1.8539,4.241
42.24,-135.29,1.8359,4.0296
42.26,-150.35,1.8156,3.7688
42.28,-164.06,1.7588,3.5217
42.3,-176.7,1.7167,3.2269
42.32,-188.75,1.6438,2.9169
42.34,-198.9,1.5384,2.6088
42.36,-207.22,1.4312,2.31
42.38,-215.02,1.3326,1.9902
42.4,-219.73,1.1805,1.6205
42.42,-223.79,1.0623,1.278
42.44,-226.12,0.91706,1.028
42.46,-227.04,0.76596,0.67741
42.48,-226.55,0.62744,0.36361
42.5,-224.35,0.48381,-0.0026253
42.52,-221.11,0.37197,-0.3622
42.54,-216.33,0.21853,-0.80906
42.56,-210.68,0.0927,-1.1198
42.58,-204.11,-0.048759,-1.3069
42.6,-196.67,-0.21903,-1.6294
42.62,-187.61,-0.37026,-2.0302
42.64,-177.86,-0.51873,-2.4239
42.66,-167.34,-0.69515,-2.7288
42.68,-155.97,-0.82887,-2.9158
42.7,-144.99,-0.98432,-2.932
42.72,-132.71,-1.1435,-3.182
42.74,-121.19,-1.2769,-3.5603
42.76,-108.88,-1.4186,-3.8708
42.78,-96.999,-1.5882,-4.1382
42.8,-85.473,-1.7526,-4.2459
42.82,-75.047,-1.9113,-4.3362
42.84,-65.23,-2.0608,-4.5794
42.86,-55.444,-2.1806,-4.8026
42.88,-46.933,-2.3591,-4.9679
42.9,-39.822,-2.4925,-5.0872
42.92,-34.273,-2.6165,-5.1823
42.94,-29.993,-2.7166,-5.218
42.96,-27.4,-2.776,-5.1946
42.98,-26.143,-2.862,-5.1573
43,-25.367,-2.8862,-5.11
43.02,-22.164,-2.8669,-5.0356
43.04,-15.862,-2.8563,-4.9564
43.06,-8.2129,-2.8522,-4.8059
43.08,2.0041,-2.8059,-4.6507
43.1,13.825,-2.7743,-4.5767
43.12,28.238,-2.7515,-4.4703
43.14,43.848,-2.6655,-4.3483
43.16,59.898,-2.6119,-4.1918
43.18,77.302,-2.535,-3.959
43.2,94.19,-2.4446,-3.7177
43.22,111.12,-2.342,-3.4342
43.24,126.94,-2.2137,-3.1701
43.26,142.41,-2.0739,-2.8572
43.28,156.5,-1.9782,-2.5203
43.3,169.24,-1.8162,-2.1725
43.32,179.9,-1.6396,-1.8648
43.34,188.33,-1.4822,-1.5375
43.36,194.38,-1.302,-1.1789
43.38,198.51,-1.1354,-0.8237
43.4,200.01,-0.9739,-0.43666
43.42,199.95,-0.80658,-0.11775
43.44,198.41,-0.66006,0.23342
43.46,194.91,-0.46855,0.63864
43.48,190.25,-0.31335,0.97899
43.5,184.84,-0.16004,1.2792
43.52,177.42,0.00013439,1.5832
43.54,169.03,0.18035,1.9558
43.56,160.94,0.32028,2.297
43.58,151.23,0.44383,2.5566
43.6,140.68,0.58498,2.8337
43.62,130.12,0.70425,3.0832
43.64,118.3,0.84265,3.3387
43.66,105.37,0.95413,3.5982
43.68,92.407,1.0676,3.8446
43.7,79.036,1.1602,4.0834
43.72,65.08,1.2602,4.3198
43.74,52.097,1.3339,4.4644
43.76,38.548,1.4172,4.6262
43.78,25.721,1.507,4.8419
43.8,14.223,1.5578,5.0338
43.82,3.417,1.6273,5.1857
43.84,-5.7811,1.6696,5.3338
43.86,-13.873,1.6765,5.4536
43.88,-19.944,1.7002,5.5255
43.9,-24.135,1.7277,5.5325
43.92,-26.156,1.752,5.5589
43.94,-27.108,1.7891,5.5408
43.96,-28.987,1.79,5.5067
43.98,-34.66,1.8118,5.4531
44,-42.177,1.8503,5.3381
44.02,-51.479,1.8333,5.2275
44.04,-63.343,1.8291,5.0929
44.06,-76.063,1.8426,4.9596
44.08,-90.527,1.8065,4.7869
44.1,-106.09,1.8362,4.6076
44.12,-121.65,1.8276,4.4233
44.14,-137.17,1.846,4.2057
44.16,-152.02,1.8739,3.9523
44.18,-167.02,1.8703,3.7108
44.2,-180.77,1.8669,3.4328
44.22,-193.69,1.8169,3.1391
44.24,-205.94,1.7836,2.8595
44.26,-215.77,1.7375,2.5051
44.28,-224.85,1.65,2.1336
44.3,-231.31,1.5496,1.7893
44.32,-236.25,1.4251,1.4838
44.34,-239.45,1.3006,1.1862
44.36,-240.88,1.1456,0.77226
44.38,-239.77,0.98862,0.41498
44.4,-236.34,0.82375,0.11369
44.42,-232.01,0.62199,-0.19989
44.44,-225.68,0.46318,-0.60254
44.46,-217.96,0.29837,-1.0051
44.48,-209.84,0.1248,-1.3794
44.5,-200.38,-0.059797,-1.613
44.52,-189.25,-0.27418,-1.9594
44.54,-179.01,-0.44471,-2.3394
44.56,-167.07,-0.64236,-2.6008
44.58,-155.78,-0.8149,-2.8429
44.6,-143.3,-1.0151,-3.086
44.62,-131.61,-1.1983,-3.3051
44.64,-119.19,-1.3657,-3.5723
44.66,-107.35,-1.5249,-3.7752
44.68,-95.834,-1.683,-3.9775
44.7,-84.659,-1.8389,-4.1584
44.72,-74.337,-1.9495,-4.2861
44.74,-64.544,-2.0533,-4.4714
44.76,-55.217,-2.1142,-4.6668
44.78,-46.806,-2.2121,-4.8273
44.8,-39.904,-2.321,-4.9268
44.82,-33.553,-2.3831,-4.9933
44.84,-29.506,-2.425,-5.1006
44.86,-27.545,-2.4865,-5.152
44.88,-26.372,-2.531,-5.1539
44.9,-25.371,-2.5649,-5.1216
44.92,-21.77,-2.5639,-5.0411
44.94,-15.259,-2.6201,-4.9506
44.96,-6.8081,-2.6123,-4.7761
44.98,3.9978,-2.5976,-4.6025
45,16.556,-2.5868,-4.4376
45.02,30.915,-2.5521,-4.3054
45.04,46.958,-2.5192,-4.166
45.06,63.163,-2.4667,-4.0032
45.08,80.704,-2.4003,-3.815
45.1,97.482,-2.3135,-3.582
45.12,114.33,-2.2207,-3.3313
45.14,129.64,-2.1131,-3.0523
45.16,144.68,-1.9894,-2.7278
45.18,157.94,-1.8515,-2.4111
45.2,170.3,-1.6709,-2.0539
45.22,180.84,-1.5062,-1.7281
45.24,188.55,-1.3552,-1.3644
45.26,194.44,-1.2214,-1.0709
45.28,198.79,-1.0509,-0.7
45.3,200.48,-0.9482,-0.31814
45.32,200.54,-0.79518,0.01922
45.34,198.55,-0.66378,0.38722
45.36,194.46,-0.5061,0.78129
45.38,189.01,-0.36278,1.0997
45.4,182.2,-0.22278,1.4326
45.42,174.01,-0.068647,1.7678
45.44,164.68,0.043768,2.1084
45.46,154.59,0.20792,2.4127
45.48,144.21,0.32508,2.6751
45.5,132.32,0.46682,2.9546
45.52,120.64,0.61903,3.2202
45.54,107.92,0.74915,3.4794
45.56,95.251,0.88633,3.727
45.58,81.802,1.0315,3.9655
45.6,68.344,1.1301,4.2122
45.62,55.088,1.2605,4.3954
45.64,41.911,1.3587,4.5435
45.66,29.214,1.4361,4.6895
45.68,17.799,1.5479,4.869
45.7,6.8489,1.6282,5.0163
45.72,-2.6904,1.7128,5.1711
45.74,-10.69,1.7691,5.3289
45.76,-18.01,1.8084,5.4269
45.78,-22.458,1.8026,5.514
45.8,-25.232,1.8345,5.5156
45.82,-26.593,1.8604,5.5199
45.84,-27.535,1.8585,5.5074
45.86,-31.056,1.8684,5.4568
45.88,-36.443,1.8756,5.3893
45.9,-44.466,1.8704,5.2716
45.92,-53.886,1.9036,5.16
45.94,-66.07,1.9219,5.0142
45.96,-78.917,1.9163,4.8443
45.98,-92.585,1.9321,4.6629
46,-107.5,1.9536,4.4895
46.02,-122.71,1.9418,4.2783
46.04,-137.93,1.9538,4.0841
46.06,-153.03,1.9615,3.7927
46.08,-167.72,1.9933,3.5219
46.1,-181.11,1.9868,3.2164
46.12,-193.75,1.9628,2.9457
46.14,-204.72,1.9393,2.6689
46.16,-214.5,1.901,2.3575
46.18,-222.26,1.8802,2.0376
46.2,-228.38,1.8568,1.6506
46.22,-232.67,1.7985,1.3442
46.24,-235.41,1.747,1.0433
46.26,-235.99,1.6668,0.72443
46.28,-235.65,1.5637,0.31435
46.3,-233.76,1.4462,0.015151
46.32,-229.54,1.2804,-0.32108
46.34,-224.15,1.0993,-0.65733
46.36,-217.55,0.91516,-0.99599
46.38,-209.48,0.71415,-1.3323
46.4,-200.3,0.50737,-1.6416
46.42,-190.73,0.28511,-2.0643
46.44,-180.28,0.069223,-2.5182
46.46,-168.94,-0.14687,-2.8257
46.48,-157.22,-0.36662,-2.9359
46.5,-145.48,-0.56411,-3.2016
46.52,-133.8,-0.73149,-3.5718
46.54,-121.82,-0.91917,-3.8076
46.56,-109.59,-1.081,-3.8646
46.58,-98.245,-1.2421,-4.0065
46.6,-86.247,-1.455,-4.0686
46.62,-75.186,-1.6573,-4.2567
46.64,-64.504,-1.8324,-4.5114
46.66,-55.512,-1.9808,-4.7162
46.68,-47.008,-2.0796,-4.9027
46.7,-39.663,-2.2113,-5.019
46.72,-33.718,-2.3317,-5.1297
46.74,-29.394,-2.4299,-5.2685
46.76,-27.444,-2.4991,-5.33
46.78,-26.497,-2.5337,-5.3075
46.8,-24.991,-2.5684,-5.2234
46.82,-21.317,-2.6236,-5.1259
46.84,-15.125,-2.6132,-5.0249
46.86,-6.4954,-2.6173,-4.8921
46.88,4.6385,-2.596,-4.7339
46.9,17.189,-2.5643,-4.6189
46.92,31.168,-2.4999,-4.4436
46.94,46.931,-2.4396,-4.2956
46.96,63.133,-2.3471,-4.1287
46.98,80.572,-2.2579,-3.9169
47,97.197,-2.1433,-3.6347
47.02,113.53,-2.0389,-3.388
47.04,129.49,-1.9522,-3.0902
47.06,144.38,-1.8588,-2.7616
47.08,157.59,-1.7228,-2.4805
47.1,169.16,-1.5932,-2.1354
47.12,179.36,-1.4888,-1.8397
47.14,186.53,-1.3722,-1.4935
47.16,192.07,-1.2544,-1.1471
47.18,195.37,-1.1518,-0.81923
47.2,197.49,-1.0374,-0.40581
47.22,197.63,-0.89971,-0.081082
47.24,196.86,-0.78015,0.23213
47.26,194.1,-0.65716,0.54803
47.28,190.09,-0.51428,0.89422
47.3,184.16,-0.37479,1.2406
47.32,177.17,-0.23011,1.5625
47.34,168.87,-0.087613,1.9225
47.36,159.35,0.06905,2.2524
47.38,149.09,0.2165,2.5515
47.4,137.87,0.33621,2.8856
47.42,125.71,0.45014,3.1699
47.44,112.89,0.58859,3.4682
47.46,99.422,0.70442,3.7347
47.48,86.395,0.80649,3.9683
47.5,71.947,0.92604,4.1415
47.52,58.165,1.0097,4.308
47.54,45.207,1.0607,4.4431
47.56,32.311,1.1286,4.5757
47.58,19.701,1.2128,4.7336
47.6,8.5156,1.2802,4.8973
47.62,-1.2704,1.3576,5.0262
47.64,-10.244,1.4329,5.1233
47.66,-17.056,1.4827,5.273
47.68,-22.578,1.5572,5.3659
47.7,-25.448,1.5881,5.4587
47.72,-26.476,1.5988,5.474
47.74,-27.511,1.6346,5.465
47.76,-31.414,1.6281,5.4215
47.78,-37.327,1.6854,5.37
47.8,-45.41,1.6845,5.2513
47.82,-55.899,1.6931,5.0896
47.84,-67.282,1.703,4.9158
47.86,-80.825,1.6978,4.7606
47.88,-94.948,1.7281,4.5663
47.9,-110.12,1.7363,4.3977
47.92,-125.76,1.7729,4.1986
47.94,-141.21,1.7717,3.9891
47.96,-156.23,1.7918,3.7629
47.98,-170.82,1.7863,3.4892
48,-184.34,1.7592,3.1413
48.02,-196.54,1.7494,2.8328
48.04,-207.64,1.7409,2.4917
48.06,-217.52,1.7144,2.1392
48.08,-225.04,1.6486,1.7833
48.1,-230.8,1.6221,1.4444
48.12,-235.22,1.5655,1.1901
48.14,-238.19,1.5025,0.87113
48.16,-238.57,1.4191,0.62328
48.18,-238.04,1.3513,0.28488
48.2,-235.57,1.2343,-0.10051
48.22,-231.79,1.1453,-0.43666
48.24,-226.43,0.99275,-0.76819
48.26,-220.38,0.86893,-1.0873
48.28,-212.52,0.70361,-1.4041
48.3,-204.14,0.51913,-1.885
48.32,-195.44,0.34677,-2.2266
48.34,-185.53,0.16999,-2.5778
48.36,-174.38,-0.0454,-2.8392
48.38,-163.07,-0.23391,-3.1131
48.4,-151.15,-0.40173,-3.4988
48.42,-139.08,-0.55382,-3.7817
48.44,-126.12,-0.75091,-3.8055
48.46,-113.68,-0.8951,-3.8855
48.48,-101.65,-1.0496,-4.0871
48.5,-89.56,-1.2335,-4.3631
48.52,-77.82,-1.3717,-4.6705
48.54,-66.845,-1.5204,-4.8918
48.56,-57.798,-1.6949,-4.9838
48.58,-48.958,-1.8178,-5.0954
48.6,-41.568,-1.948,-5.2793
48.62,-35.214,-2.0466,-5.4127
48.64,-30.109,-2.1452,-5.4251
48.66,-27.771,-2.2604,-5.4069
48.68,-26.908,-2.3299,-5.3828
48.7,-25.228,-2.3964,-5.3512
48.72,-22.228,-2.4599,-5.2991
48.74,-16.487,-2.4799,-5.1992
48.76,-7.9403,-2.4826,-5.1369
48.78,2.2915,-2.4774,-5.0779
48.8,14.728,-2.4391,-4.9675
48.82,29.457,-2.3983,-4.7999
48.84,46.296,-2.2971,-4.5758
48.86,63.586,-2.2284,-4.3847
48.88,80.464,-2.1101,-4.1968
48.9,98.014,-2.0348,-3.972
48.92,115.27,-1.9085,-3.6771
48.94,132.07,-1.7958,-3.3737
48.96,147.31,-1.6639,-3.059
48.98,161.65,-1.5113,-2.7446
49,174.03,-1.358,-2.3481
49.02,184.58,-1.2397,-1.9783
49.04,192.67,-1.0955,-1.6675
49.06,199.6,-0.96553,-1.3413
49.08,203.37,-0.845,-1.0192
49.1,205.87,-0.69229,-0.67508
49.12,206.34,-0.56632,-0.33252
49.14,205,-0.40895,-0.060004
49.16,201.87,-0.29307,0.24718
49.18,197.25,-0.15664,0.67501
49.2,191,-0.036915,1.0294
49.22,183.41,0.07312,1.3692
49.24,175,0.20076,1.7251
49.26,165.76,0.29046,2.1066
49.28,155.32,0.3679,2.437
49.3,144.57,0.43632,2.7209
49.32,132.83,0.51967,3.0062
49.34,121.01,0.60966,3.2705
49.36,108.44,0.68129,3.5099
49.38,95.917,0.73223,3.7487
49.4,82.803,0.79969,3.9546
49.42,69.513,0.85878,4.2075
49.44,55.852,0.94048,4.4055
49.46,42.792,1.0232,4.5402
49.48,30.397,1.0598,4.699
49.5,18.785,1.1391,4.8946
49.52,8.0623,1.18,5.045
49.54,-1.6852,1.2358,5.1772
49.56,-10.272,1.2788,5.295
49.58,-17.377,1.3497,5.4024
49.6,-22.234,1.3846,5.4754
49.62,-25.466,1.4328,5.5168
49.64,-26.774,1.4685,5.5194
49.66,-27.765,1.4727,5.5107
49.68,-30.865,1.4724,5.4594
49.7,-36.682,1.4983,5.3843
49.72,-44.762,1.4958,5.2785
49.74,-55.132,1.5125,5.1589
49.76,-66.602,1.5506,5.0354
49.78,-79.845,1.593,4.9134
49.8,-94.209,1.5855,4.7426
49.82,-109.27,1.6064,4.5328
49.84,-124.66,1.6323,4.3455
49.86,-140.71,1.6389,4.1135
49.88,-155.64,1.6195,3.8871
49.9,-169.62,1.6055,3.6002
49.92,-183.49,1.569,3.3038
49.94,-195.6,1.5121,2.9684
49.96,-205.85,1.4757,2.6398
49.98,-214.42,1.4426,2.3399
50,-222.07,1.4021,2.0098
50.02,-226.92,1.3622,1.6175
50.04,-229.9,1.3094,1.2714
50.06,-231.36,1.2526,1.0194
50.08,-230.26,1.1633,0.77916
50.1,-227.99,1.0967,0.44619
50.12,-224.38,0.98242,0.052219
50.14,-220.45,0.86563,-0.34146
50.16,-214.88,0.69914,-0.74763
50.18,-207.93,0.54031,-1.0698
50.2,-200.31,0.37921,-1.2309
50.22,-192.15,0.20083,-1.6086
50.24,-182.88,0.014474,-1.9663
50.26,-172.45,-0.16553,-2.2987
50.28,-162.23,-0.35172,-2.6655
50.3,-151.09,-0.54964,-2.9813
50.32,-139.27,-0.70382,-3.1325
50.34,-127.72,-0.88606,-3.2241
50.36,-116.26,-1.0302,-3.4645
50.38,-104.07,-1.1902,-3.728
50.4,-92.557,-1.3164,-4.0109
50.42,-81.617,-1.4736,-4.2377
50.44,-70.868,-1.6138,-4.3662
50.46,-60.562,-1.7542,-4.4773
50.48,-52.313,-1.8674,-4.6331
50.5,-44.645,-1.9551,-4.8175
50.52,-38.045,-2.0561,-4.9254
50.54,-32.258,-2.1413,-4.9541
50.56,-29.219,-2.2105,-4.9449
50.58,-27.135,-2.302,-4.9617
50.6,-26.454,-2.3486,-4.9997
50.62,-25.048,-2.3946,-5.0038
50.64,-21.639,-2.4158,-4.8974
50.66,-15.675,-2.4134,-4.7933
50.68,-8.0093,-2.3963,-4.6905
50.7,1.7346,-2.3693,-4.5892
50.72,12.992,-2.3214,-4.4855
50.74,26.081,-2.2643,-4.3283
50.76,40.487,-2.1679,-4.1621
50.78,54.852,-2.0808,-3.9917
50.8,69.828,-2.001,-3.8033
50.82,84.88,-1.8622,-3.5887
50.84,99.332,-1.7156,-3.3558
50.86,112.81,-1.5638,-3.069
50.88,125.89,-1.3868,-2.7581
50.9,137.29,-1.2291,-2.3981
50.92,147.34,-1.0824,-2.0932
50.94,155.65,-0.91412,-1.8017
50.96,162.44,-0.79754,-1.4197
50.98,167.32,-0.63625,-1.0892
51,170.25,-0.47247,-0.77419
51.02,171.06,-0.33673,-0.50465
51.04,170.83,-0.17789,-0.22028
51.06,169.4,-0.04899,0.099443
51.08,166.84,0.096559,0.50353
51.1,162.78,0.21903,0.90069
51.12,157.64,0.32279,1.1616
51.14,151.04,0.42801,1.4465
51.16,144.11,0.53557,1.7458
51.18,136.52,0.63491,2.0587
51.2,127.6,0.70238,2.3378
51.22,117.62,0.7774,2.5835
51.24,107.92,0.85828,2.8176
51.26,97.037,0.91172,3.0583
51.28,85.547,0.97586,3.3031
51.3,73.796,1.0206,3.5396
51.32,61.96,1.056,3.7944
51.34,49.852,1.1007,3.9947
51.36,38.278,1.1262,4.2529
51.38,26.722,1.1363,4.4056
51.4,16.127,1.1608,4.5199
51.42,6.3357,1.174,4.6555
51.44,-3.0026,1.1715,4.795
51.46,-10.975,1.1808,4.919
51.48,-17.399,1.1871,4.9907
51.5,-22.729,1.2334,5.0306
51.52,-25.162,1.2188,5.0622
51.54,-27.147,1.2134,5.0527
51.56,-27.585,1.228,5.0317
51.58,-29.669,1.1965,4.9698
51.6,-34.903,1.1776,4.906
51.62,-42.232,1.1717,4.8408
51.64,-50.794,1.1939,4.723
51.66,-61.254,1.1816,4.6062
51.68,-72.817,1.2173,4.4739
51.7,-85.572,1.2498,4.3042
51.72,-98.99,1.2792,4.1347
51.74,-112.7,1.3299,3.9377
51.76,-126.18,1.3378,3.737
51.78,-139.83,1.3576,3.5179
51.8,-152.72,1.3391,3.2743
51.82,-164.04,1.3091,3.0407
51.84,-174.33,1.2818,2.7418
51.86,-184.47,1.2349,2.4147
51.88,-192.11,1.2055,2.0935
51.9,-198.5,1.1167,1.7815
51.92,-204.44,1.079,1.4909
51.94,-207.78,1.0007,1.1961
51.96,-209.11,0.9037,0.87612
51.98,-209.31,0.81334,0.58316
52,-207.88,0.70023,0.23881
52.02,-204.68,0.57647,-0.12245
52.04,-200.17,0.4444,-0.40422
52.06,-194.55,0.31836,-0.72052
52.08,-188.38,0.19986,-1.0903
52.1,-180.51,0.021923,-1.3603
52.12,-172.36,-0.14854,-1.6464
52.14,-163.52,-0.32569,-1.9695
52.16,-154.22,-0.49658,-2.3047
52.18,-145.36,-0.65931,-2.6479
52.2,-136.11,-0.79009,-2.8871
52.22,-126.07,-0.91209,-3.0523
52.24,-115.43,-1.0289,-3.1517
52.26,-106.11,-1.1582,-3.3928
52.28,-95.673,-1.2593,-3.6118
52.3,-85.833,-1.3621,-3.852
52.32,-75.828,-1.484,-4.0235
52.34,-66.732,-1.6022,-4.1069
52.36,-57.513,-1.7067,-4.2715
52.38,-49.556,-1.823,-4.4838
52.4,-42.854,-1.9257,-4.6664
52.42,-37.333,-2.033,-4.7887
52.44,-32.558,-2.1069,-4.8487
52.46,-28.958,-2.2102,-4.868
52.48,-27.048,-2.2595,-4.9079
52.5,-26.301,-2.3126,-4.8961
52.52,-25.825,-2.3146,-4.8198
52.54,-22.052,-2.2995,-4.6951
52.56,-16.385,-2.2952,-4.5803
52.58,-9.0409,-2.2349,-4.4897
52.6,0.12421,-2.1548,-4.3984
52.62,11.5,-2.127,-4.3306
52.64,24.04,-2.0578,-4.1913
52.66,37.505,-1.9868,-4.0227
52.68,51.889,-1.8945,-3.8422
52.7,67.607,-1.801,-3.6449
52.72,82.012,-1.7016,-3.4229
52.74,96.911,-1.5793,-3.2095
52.76,110.65,-1.4344,-2.9105
52.78,123.57,-1.3022,-2.6233
52.8,136.23,-1.1736,-2.3285
52.82,146.24,-1.0302,-2.0095
52.84,155.01,-0.85459,-1.6854
52.86,162.13,-0.70977,-1.3095
52.88,168.06,-0.54401,-0.96524
52.9,171.59,-0.35343,-0.65281
52.92,172.91,-0.19753,-0.34123
52.94,173.14,-0.039795,-0.07922
52.96,171.68,0.13382,0.25471
52.98,168.3,0.28616,0.65148
53,163.85,0.44004,1.0042
53.02,157.86,0.54781,1.3074
53.04,150.86,0.66706,1.5841
53.06,142.74,0.77742,1.8459
53.08,133.95,0.88972,2.1515
53.1,124.49,1.0004,2.4372
53.12,114.17,1.0351,2.6918
53.14,103,1.1213,2.9663
53.16,91.726,1.1576,3.1797
53.18,79.703,1.2017,3.4221
53.2,68.129,1.2206,3.6325
53.22,55.927,1.247,3.8374
53.24,44.197,1.2459,4.0716
53.26,32.628,1.2612,4.2391
53.28,21.417,1.2423,4.3592
53.3,11.252,1.2553,4.5047
53.32,2.059,1.2332,4.6493
53.34,-6.5741,1.2415,4.8049
53.36,-13.601,1.2516,4.9144
53.38,-19.525,1.2523,4.9701
53.4,-23.616,1.2526,5.0086
53.42,-26.304,1.254,5.0512
53.44,-27.291,1.2513,5.0925
53.46,-28.028,1.2494,5.0682
53.48,-30.657,1.236,5.0138
53.5,-36.398,1.2175,4.9295
53.52,-43.432,1.1996,4.8165
53.54,-51.922,1.1956,4.6948
53.56,-62.115,1.1661,4.5719
53.58,-73.974,1.2095,4.4287
53.6,-86.751,1.2034,4.2732
53.62,-99.466,1.1737,4.107
53.64,-113.3,1.1618,3.8993
53.66,-126.98,1.1132,3.6861
53.68,-139.86,1.0697,3.4496
53.7,-152.17,1.0589,3.1998
53.72,-163.79,1.0075,2.9535
53.74,-174.28,0.96233,2.6685
53.76,-182.66,0.92915,2.3506
53.78,-190.17,0.87082,2.0319
53.8,-196.41,0.82613,1.714
53.82,-200.55,0.76656,1.4721
53.84,-203.46,0.7091,1.1956
53.86,-205.24,0.64362,0.94569
53.88,-204.97,0.57002,0.5864
53.9,-203.87,0.50942,0.24035
53.92,-200.91,0.41246,-0.032706
53.94,-197.09,0.34132,-0.37738
53.96,-191.72,0.23792,-0.81034
53.98,-184.82,0.13655,-1.1958
54,-177.46,0.010193,-1.4543
54.02,-170.15,-0.13545,-1.6451
54.04,-161,-0.3031,-1.9511
54.06,-151.43,-0.47456,-2.335
54.08,-142,-0.65169,-2.6647
54.1,-131.67,-0.8053,-2.7925
54.12,-121.07,-0.94317,-2.9458
54.14,-110.92,-1.085,-3.1295
54.16,-100.84,-1.1934,-3.3974
54.18,-90.994,-1.2682,-3.6569
54.2,-80.113,-1.3674,-3.8246
54.22,-70.758,-1.4559,-3.9347
54.24,-61.759,-1.5262,-4.0871
54.26,-53.175,-1.6471,-4.2645
54.28,-45.726,-1.7713,-4.4161
54.3,-39.459,-1.8767,-4.5082
54.32,-34.596,-2.0057,-4.5828
54.34,-30.432,-2.073,-4.6344
54.36,-28.06,-2.1443,-4.6955
54.38,-27.111,-2.2214,-4.7201
54.4,-26.282,-2.2571,-4.6962
54.42,-24.241,-2.2759,-4.677
54.44,-19.734,-2.2532,-4.6213
54.46,-13.336,-2.1914,-4.5065
54.48,-5.5491,-2.1499,-4.416
54.5,3.3602,-2.0887,-4.2854
54.52,14.246,-2.0077,-4.1382
54.54,27.192,-1.9266,-3.9718
54.56,39.545,-1.8253,-3.7903
54.58,53.014,-1.7142,-3.6037
54.6,66.481,-1.6164,-3.4085
54.62,80.038,-1.4696,-3.1936
54.64,93.076,-1.3269,-2.9351
54.66,105.31,-1.1849,-2.6335
54.68,117.77,-1.0586,-2.3782
54.7,127.89,-0.90556,-2.0651
54.72,136.48,-0.79201,-1.7601
54.74,143.83,-0.63865,-1.4713
54.76,149.73,-0.48068,-1.1547
54.78,153.78,-0.30651,-0.84843
54.8,156.14,-0.14136,-0.50684
54.82,156.95,0.0033594,-0.21409
54.84,156.05,0.18934,0.084239
54.86,154.03,0.31957,0.38791
54.88,150.83,0.45765,0.73155
54.9,146.89,0.58258,1.0199
54.92,142.07,0.70453,1.2997
54.94,134.77,0.8062,1.5939
54.96,127.3,0.91877,1.881
54.98,118.17,0.99579,2.1969
55,108.28,1.0373,2.4756
55.02,97.777,1.0978,2.7172
55.04,86.654,1.1195,2.9738
55.06,75.551,1.1345,3.1893
55.08,64.272,1.128,3.3964
55.1,52.575,1.1176,3.6036
55.12,41.272,1.1129,3.7763
55.14,30.078,1.094,3.9565
55.16,19.4,1.0756,4.1182
55.18,9.0995,1.0674,4.2494
55.2,0.068368,1.034,4.3642
55.22,-8.1575,1.014,4.4506
55.24,-15.59,1.011,4.5763
55.26,-20.629,1.024,4.6553
55.28,-24.34,1.0213,4.6977
55.3,-26.521,1.0215,4.7421
55.32,-27.035,1.0153,4.7456
55.34,-28.066,1.0115,4.7118
55.36,-32.191,1.0135,4.6631
55.38,-37.627,1.0096,4.5901
55.4,-44.895,1.0174,4.4953
55.42,-53.613,1.0136,4.3652
55.44,-63.843,1.0113,4.212
55.46,-75.062,1.0448,4.087
55.48,-87.708,1.0689,3.9366
55.5,-100.06,1.095,3.7724
55.52,-112.68,1.0735,3.5779
55.54,-125.8,1.0919,3.3295
55.56,-138.46,1.0893,3.0899
55.58,-149.92,1.0965,2.8499
55.6,-159.48,1.0911,2.5727
55.62,-169.02,1.0857,2.3003
55.64,-176.84,1.0808,1.9937
55.66,-183.47,1.0599,1.6734
55.68,-187.44,1.013,1.4296
55.7,-191.25,0.98348,1.1884
55.72,-193.58,0.93098,0.88435
55.74,-193.31,0.8869,0.58684
55.76,-192.35,0.81754,0.18994
55.78,-189.74,0.73452,-0.078087
55.8,-185.87,0.63441,-0.32183
55.82,-180.82,0.52123,-0.62454
55.84,-174.82,0.38804,-0.96735
55.86,-168.35,0.2485,-1.2791
55.88,-161.07,0.079378,-1.5549
55.9,-152.9,-0.09318,-1.8719
55.92,-144.27,-0.25217,-2.2012
55.94,-135.72,-0.44471,-2.3794
55.96,-125.83,-0.61552,-2.5865
55.98,-116.85,-0.75886,-2.8529
56,-107.11,-0.89792,-3.066
56.02,-97.779,-1.0226,-3.3396
56.04,-88.616,-1.1345,-3.5287
56.06,-79.747,-1.2444,-3.6662
56.08,-70.753,-1.3251,-3.8298
56.1,-61.852,-1.4399,-3.9942
56.12,-54.088,-1.5253,-4.1438
56.14,-46.816,-1.5988,-4.2333
56.16,-40.689,-1.6674,-4.3356
56.18,-35.498,-1.7325,-4.4412
56.2,-31.285,-1.8246,-4.5332
56.22,-28.536,-1.8799,-4.5753
56.24,-26.963,-1.9409,-4.5687
56.26,-26.574,-1.9618,-4.5423
56.28,-25.241,-1.9992,-4.5554
56.3,-21.166,-2.0055,-4.5365
56.32,-16.527,-2.0343,-4.4501
56.34,-9.7694,-1.9991,-4.3426
56.36,-1.5542,-1.985,-4.2089
56.38,8.9776,-1.9579,-4.0516
56.4,20.425,-1.8964,-3.9036
56.42,32.073,-1.8366,-3.7626
56.44,44.112,-1.7349,-3.592
56.46,57.044,-1.6612,-3.411
56.48,70.197,-1.5391,-3.2006
56.5,82.876,-1.424,-3.0006
56.52,95.192,-1.2926,-2.7521
56.54,106.29,-1.1642,-2.4857
56.56,116.53,-1.0687,-2.171
56.58,125.3,-0.95301,-1.8349
56.6,133.03,-0.83156,-1.4972
56.62,139.2,-0.68614,-1.1822
56.64,143.43,-0.54365,-0.86092
56.66,146.77,-0.39879,-0.53117
56.68,147.8,-0.26201,-0.24742
56.7,147.84,-0.082277,0.016168
56.72,145.74,0.049124,0.26181
56.74,142.73,0.21921,0.54899
56.76,137.8,0.38034,0.86558
56.78,132.46,0.49857,1.1195
56.8,126.16,0.65019,1.4043
56.82,118.8,0.7578,1.687
56.84,110.53,0.86924,1.9831
56.86,101.93,0.9726,2.2847
56.88,93.006,1.0536,2.549
56.9,83.266,1.1102,2.79
56.92,73.13,1.1581,3.015
56.94,62.566,1.1732,3.1996
56.96,52.142,1.1835,3.4172
56.98,42.487,1.1678,3.6175
57,32.2,1.1591,3.7861
57.02,22.665,1.0996,3.9703
57.04,13.098,1.0631,4.1023
57.06,4.0486,1.0478,4.2205
57.08,-4.5175,0.98678,4.3254
57.1,-11.086,0.97016,4.4224
57.12,-17.294,0.92961,4.5087
57.14,-22.042,0.9031,4.5423
57.16,-25.328,0.85377,4.5609
57.18,-26.326,0.86488,4.5919
57.2,-27.192,0.86542,4.6009
57.22,-28.517,0.85605,4.5996
57.24,-32.401,0.86755,4.5592
57.26,-38.2,0.86502,4.5013
57.28,-45.11,0.864,4.4293
57.3,-54.132,0.88109,4.3163
57.32,-64.296,0.90166,4.1604
57.34,-75.997,0.91082,4.0055
57.36,-87.648,0.9511,3.8394
57.38,-100.24,0.96254,3.6448
57.4,-113.87,0.98853,3.4512
57.42,-126.25,1.0003,3.2427
57.44,-138.68,1.0078,3.0245
57.46,-150.94,1.0172,2.7742
57.48,-161.65,1.0148,2.5039
57.5,-170.45,1.0001,2.2212
57.52,-178.83,0.98717,1.911
57.54,-185.33,0.99734,1.6487
57.56,-190.12,0.9935,1.4102
57.58,-193.52,0.94576,1.083
57.6,-195.67,0.9037,0.80175
57.62,-195.28,0.86542,0.43892
57.64,-193.52,0.84534,0.10459
57.66,-190.85,0.74947,-0.18908
57.68,-187.62,0.69211,-0.54145
57.7,-181.95,0.59419,-0.80024
57.72,-175.9,0.4946,-1.0341
57.74,-168.74,0.38912,-1.3852
57.76,-161.01,0.29016,-1.7656
57.78,-152.12,0.13676,-2.032
57.8,-143.81,0.020675,-2.1567
57.82,-134.67,-0.11412,-2.3526
57.84,-124.82,-0.24241,-2.6718
57.86,-115.13,-0.35911,-2.9865
57.88,-105.89,-0.49063,-3.2419
57.9,-95.742,-0.60909,-3.428
57.92,-86.291,-0.69801,-3.5855
57.94,-76.616,-0.81365,-3.793
57.96,-67.878,-0.89072,-4.0115
57.98,-59.674,-0.99221,-4.1625
58,-51.617,-1.0687,-4.2081
58.02,-44.813,-1.1665,-4.2035
58.04,-38.73,-1.2487,-4.2832
58.06,-33.956,-1.3347,-4.4533
58.08,-30.013,-1.4616,-4.5807
58.1,-27.898,-1.542,-4.608
58.12,-27.04,-1.6691,-4.6089
58.14,-26.394,-1.79,-4.5844
58.16,-24.514,-1.8448,-4.5696
58.18,-19.844,-1.9358,-4.5365
58.2,-13.791,-1.9594,-4.4483
58.22,-6.7787,-1.9932,-4.3374
58.24,2.4072,-1.9996,-4.1827
58.26,12.489,-2.0045,-4
58.28,23.615,-1.9844,-3.8311
58.3,35.502,-1.9498,-3.6959
58.32,47.974,-1.8899,-3.5337
58.34,61.095,-1.8345,-3.3676
58.36,73.713,-1.7411,-3.1762
58.38,86.037,-1.6463,-2.9279
58.4,97.65,-1.5166,-2.6747
58.42,107.83,-1.3932,-2.3865
58.44,117.59,-1.2426,-2.1006
58.46,125.52,-1.1295,-1.7807
58.48,132.41,-0.97924,-1.4274
58.5,137.1,-0.84394,-1.1221
58.52,140.6,-0.689,-0.84261
58.54,142.94,-0.54138,-0.52072
58.56,143.72,-0.36625,-0.23183
58.58,143.07,-0.22107,0.058074
58.6,141.45,-0.056246,0.35675
58.62,138.28,0.10013,0.69039
58.64,134.69,0.23927,0.98969
58.66,130.01,0.34352,1.2329
58.68,124.12,0.47358,1.4871
58.7,117.5,0.57423,1.7182
58.72,110.27,0.66766,1.9961
58.74,102,0.76176,2.2459
58.76,93.097,0.83949,2.4953
58.78,84.263,0.8897,2.7573
58.8,74.106,0.93877,3.0079
58.82,63.664,0.98515,3.2273
58.84,53.487,1.0032,3.4635
58.86,42.855,1.0057,3.6474
58.88,32.467,1.0261,3.8463
58.9,22.487,1.0422,4.0254
58.92,12.709,1.0298,4.1406
58.94,3.5922,1.016,4.2724
58.96,-4.8932,1.0313,4.3644
58.98,-11.713,1.0252,4.4447
59,-17.773,1.0258,4.5127
59.02,-22.241,1.0191,4.558
59.04,-25.273,1.0102,4.6022
59.06,-26.835,1.0019,4.6271
59.08,-27.577,0.98219,4.6307
59.1,-29.051,0.98886,4.6212
59.12,-32.788,0.96547,4.5759
59.14,-38.957,0.98095,4.5198
59.16,-46.099,0.96941,4.418
59.18,-54.673,0.98822,4.2865
59.2,-65.19,1.0326,4.1556
59.22,-76.228,1.0475,4.0143
59.24,-87.9,1.0504,3.8541
59.26,-100.36,1.0837,3.6704
59.28,-112.36,1.0996,3.4518
59.3,-124.05,1.1218,3.2482
59.32,-135.71,1.1321,3.0283
59.34,-146.15,1.1389,2.775
59.36,-155.21,1.1649,2.5236
59.38,-163.75,1.1807,2.2507
59.4,-171.22,1.1725,1.9831
59.42,-176.42,1.2015,1.7362
59.44,-181.29,1.1989,1.4373
59.46,-183.83,1.193,1.1584
59.48,-184.62,1.2176,0.83865
59.5,-184.92,1.1748,0.49796
59.52,-184,1.1495,0.20725
59.54,-181.04,1.0852,-0.14357
59.56,-176.97,1.0123,-0.45044
59.58,-172.3,0.93272,-0.71639
59.6,-165.69,0.8425,-0.94163
59.62,-159.17,0.71755,-1.249
59.64,-152.05,0.60673,-1.5138
59.66,-144.48,0.4888,-1.7859
59.68,-135.58,0.38625,-2.0268
59.7,-126.77,0.28123,-2.3082
59.72,-117.84,0.14728,-2.5714
59.74,-108.59,-0.021212,-2.819
59.76,-99.432,-0.15689,-3.0218
59.78,-90.659,-0.27883,-3.2147
59.8,-82.162,-0.40653,-3.4444
59.82,-73.457,-0.51301,-3.6368
59.84,-64.826,-0.61277,-3.7584
59.86,-57.646,-0.7469,-3.8337
59.88,-50.239,-0.82225,-3.9235
59.9,-43.558,-0.92516,-4.0591
59.92,-38.48,-1.0366,-4.1836
59.94,-33.864,-1.1453,-4.2876
59.96,-30.033,-1.2371,-4.3168
59.98,-28.216,-1.322,-4.3564
60,-27.223,-1.4222,-4.41
60.02,-26.439,-1.5183,-4.4255
60.04,-25.053,-1.6094,-4.3859
60.06,-21.642,-1.7197,-4.3399
60.08,-17.059,-1.7806,-4.2504
60.1,-10.555,-1.8573,-4.1738
60.12,-2.3451,-1.9279,-4.0727
60.14,6.4925,-1.9873,-3.9138
60.16,16.415,-2.0053,-3.7592
60.18,27.542,-2.0366,-3.5949
60.2,38.602,-2.0066,-3.4052
60.22,50.285,-2.0176,-3.2105
60.24,62.093,-1.9593,-2.9728
60.26,73.823,-1.9101,-2.7591
60.28,85.314,-1.8424,-2.5138
60.3,95.562,-1.7312,-2.2899
60.32,104.82,-1.6017,-2.0504
60.34,113.27,-1.4767,-1.7806
60.36,120.02,-1.3129,-1.5199
60.38,125.71,-1.1583,-1.1919
60.4,130.28,-1.0294,-0.86831
60.42,132.91,-0.85934,-0.51752
60.44,134.62,-0.70071,-0.20789
60.46,135.14,-0.50297,0.074257
60.48,134.36,-0.33834,0.36102
60.5,132.52,-0.15407,0.69008
60.52,129.62,0.027797,0.93734
60.54,125.13,0.17914,1.2012
60.56,119.99,0.35961,1.4429
60.58,113.37,0.46878,1.6568
60.6,105.89,0.58795,1.9292
60.62,98.334,0.71168,2.2126
60.64,90.151,0.78938,2.4888
60.66,80.373,0.90383,2.768
60.68,70.792,0.96565,3.0084
60.7,60.816,1.0119,3.2005
60.72,50.964,1.0193,3.3897
60.74,41.197,1.0599,3.5931
60.76,30.995,1.0932,3.78
60.78,21.489,1.1166,3.9133
60.8,12.323,1.1106,4.0421
60.82,4.1237,1.1518,4.1942
60.84,-3.8936,1.1481,4.3102
60.86,-10.495,1.1873,4.4192
60.88,-16.456,1.1782,4.4654
60.9,-21.332,1.1784,4.4978
60.92,-24.535,1.1787,4.557
60.94,-26.334,1.156,4.5835
60.96,-27.457,1.1517,4.5895
60.98,-28.078,1.1581,4.5837
61,-30.773,1.1214,4.5649
61.02,-35.173,1.1316,4.5264
61.04,-41.447,1.1277,4.4589
61.06,-48.407,1.1099,4.3793
61.08,-57.388,1.1216,4.2714
61.1,-67.347,1.1127,4.0775
61.12,-77.802,1.1479,3.9201
61.14,-89.017,1.1412,3.7355
61.16,-100.52,1.1392,3.5388
61.18,-111.87,1.1554,3.3587
61.2,-123.43,1.1431,3.1134
61.22,-134.44,1.1773,2.9151
61.24,-143.73,1.177,2.6817
61.26,-152.62,1.193,2.4343
61.28,-160.42,1.2098,2.1672
61.3,-166.95,1.2345,1.8999
61.32,-172.06,1.2796,1.66
61.34,-175.42,1.3008,1.4009
61.36,-177.7,1.3052,1.0736
61.38,-178.54,1.3037,0.76274
61.4,-178.03,1.2809,0.47529
61.42,-175.85,1.2665,0.16135
61.44,-172.42,1.1814,-0.13967
61.46,-168.82,1.0962,-0.44038
61.48,-163.44,0.99089,-0.69745
61.5,-158.05,0.82088,-0.92788
61.52,-150.89,0.66958,-1.1791
61.54,-142.95,0.48095,-1.4984
61.56,-135.07,0.31603,-1.8079
61.58,-126.54,0.13962,-2.031
61.6,-117.53,-0.0089648,-2.2077
61.62,-108.94,-0.18028,-2.4569
61.64,-101.1,-0.3374,-2.756
61.66,-91.834,-0.46899,-3.0097
61.68,-82.683,-0.58778,-3.2383
61.7,-74.228,-0.73204,-3.4025
61.72,-66.284,-0.83396,-3.5155
61.74,-58.322,-0.95017,-3.5532
61.76,-51.063,-1.0449,-3.6633
61.78,-45.294,-1.1627,-3.8143
61.8,-39.15,-1.264,-3.9278
61.82,-34.351,-1.3782,-3.9992
61.84,-31.183,-1.508,-4.0413
61.86,-28.3,-1.6465,-4.1007
61.88,-27.074,-1.7639,-4.1536
61.9,-26.449,-1.854,-4.2138
61.92,-25.357,-1.9726,-4.2317
61.94,-22.76,-2.0531,-4.1473
61.96,-19.312,-2.1221,-4.0764
61.98,-13.744,-2.2009,-4.0055
62,-6.9371,-2.2504,-3.8743
62.02,1.1644,-2.2943,-3.7283
62.04,10.222,-2.3556,-3.5318
62.06,20.444,-2.353,-3.3707
62.08,31.001,-2.3744,-3.1993
62.1,41.874,-2.3675,-3.0265
62.12,52.308,-2.3588,-2.8746
62.14,62.918,-2.3349,-2.6577
62.16,72.603,-2.2788,-2.4586
62.18,81.856,-2.2217,-2.2045
62.2,90.899,-2.1421,-1.9374
62.22,98.141,-2.0663,-1.6998
62.24,104.89,-1.9596,-1.402
62.26,110.04,-1.8386,-1.0814
62.28,114.61,-1.6709,-0.80115
62.3,117.1,-1.4975,-0.47899
62.32,118.56,-1.3187,-0.19999
62.34,119.72,-1.1579,0.066598
62.36,118.59,-0.95169,0.31807
62.38,116.97,-0.80633,0.60781
62.4,113.9,-0.62157,0.88069
62.42,110.02,-0.43256,1.0982
62.44,105.76,-0.24879,1.3354
62.46,100.63,-0.11959,1.5923
62.48,94.094,0.022959,1.8304
62.5,87.059,0.17642,2.1005
62.52,79.926,0.29019,2.3688
62.54,71.509,0.40428,2.5946
62.56,63.028,0.49564,2.8449
62.58,54.288,0.55981,3.0558
62.6,44.972,0.661,3.2464
62.62,36.37,0.72853,3.4436
62.64,27.34,0.8032,3.5997
62.66,18.715,0.86746,3.7914
62.68,10.071,0.93639,3.9057
62.7,2.9439,0.98235,4.0018
62.72,-4.9617,1.0269,4.0945
62.74,-11.292,1.0745,4.1957
62.76,-16.266,1.0934,4.2639
62.78,-21.041,1.1489,4.3443
62.8,-24.469,1.1966,4.3776
62.82,-26.207,1.2072,4.4132
62.84,-27.2,1.2452,4.4255
62.86,-27.599,1.2557,4.4196
62.88,-29.874,1.2488,4.423
62.9,-33.341,1.2646,4.389
62.92,-38.199,1.2465,4.3137
62.94,-44.471,1.2599,4.2233
62.96,-52.343,1.224,4.0949
62.98,-60.87,1.2375,3.9842
63,-70.246,1.2179,3.8381
63.02,-80.079,1.2185,3.663
63.04,-90.082,1.2371,3.4874
63.06,-100.59,1.2569,3.2729
63.08,-110.35,1.3005,3.0579
63.1,-120.13,1.3245,2.863
63.12,-128.61,1.3665,2.6617
63.14,-136.73,1.3693,2.4102
63.16,-143.72,1.4365,2.1679
63.18,-149.89,1.4351,1.8729
63.2,-154.57,1.4778,1.6452
63.22,-158.71,1.4764,1.4095
63.24,-161.43,1.4844,1.1654
63.26,-162.85,1.4755,0.87591
63.28,-162.89,1.4236,0.52643
63.3,-162.03,1.3966,0.21533
63.32,-159.91,1.3219,-0.02664
63.34,-156.82,1.2417,-0.23488
63.36,-152.83,1.1505,-0.50308
63.38,-148.11,1.0522,-0.77085
63.4,-142.27,0.91357,-1.0818
63.42,-136.53,0.77746,-1.3578
